id;parent_id;region_id
1;6;1
2;3;1
3;NULL;NULL
4;589;NULL
5;NULL;NULL
6;NULL;NULL
7;464;NULL
8;830;NULL
10;8;6
11;NULL;NULL
12;11;3
14;NULL;NULL
15;NULL;NULL
17;11;1
18;8;35
19;8;36
20;8;24
21;8;33
22;8;37
23;8;38
24;8;4
25;8;5
26;8;41
27;8;42
28;8;43
29;8;44
30;8;45
31;8;46
32;8;47
33;8;48
35;8;11
36;8;50
37;8;51
38;8;13
39;8;53
40;8;28
41;8;55
42;8;56
43;8;57
44;8;58
45;8;59
46;8;27
47;8;61
48;8;62
49;8;63
50;8;64
51;8;65
52;8;66
53;8;67
54;8;68
55;8;69
56;8;70
57;8;72
60;8;29
61;8;74
62;8;75
63;8;76
64;8;77
65;8;1
66;8;79
67;8;80
68;8;81
69;8;82
70;8;18
71;8;84
72;8;85
73;8;86
74;8;20
75;8;88
76;8;89
77;8;90
78;8;91
79;8;92
80;8;93
81;8;94
82;8;95
83;8;96
84;8;97
85;8;98
86;8;99
87;8;100
88;8;101
89;11;62
90;11;47
91;11;102
92;11;6
93;11;27
94;11;66
95;11;76
96;11;103
97;11;80
98;11;104
99;11;51
100;11;12
101;11;50
102;11;28
103;11;13
104;11;98
105;11;55
106;11;53
107;11;77
108;11;56
109;11;65
111;11;67
112;11;64
113;6;64
114;6;3
115;8;3
116;6;6
117;11;4
118;6;4
119;11;5
121;6;5
122;NULL;NULL
123;11;59
124;11;8
125;11;9
126;11;11
127;11;61
128;11;92
129;11;17
130;11;18
131;11;85
132;11;20
133;11;21
134;11;90
135;11;91
136;11;24
137;11;44
138;11;48
139;11;29
140;11;74
141;11;81
142;11;32
143;11;33
144;11;37
145;11;38
146;122;9
147;122;11
148;122;3
149;122;6
150;122;4
151;122;5
152;122;59
153;122;8
154;122;47
155;122;12
156;122;13
157;122;61
158;122;62
159;122;92
160;122;17
161;122;18
162;122;85
163;122;21
164;122;20
165;122;90
166;122;91
167;122;24
168;122;33
169;122;37
170;122;38
171;122;44
172;122;48
173;122;50
174;122;51
175;122;53
176;122;27
177;122;28
178;122;98
179;122;55
180;122;56
181;122;64
182;122;65
183;122;102
184;122;66
185;122;67
186;122;29
187;122;74
188;122;76
189;122;103
190;122;77
191;122;1
192;122;80
193;122;81
194;122;32
195;122;104
197;122;96
198;11;96
199;11;35
200;122;35
201;11;36
202;122;36
203;11;41
204;122;41
205;11;42
206;122;42
207;122;43
208;11;43
209;11;99
210;122;99
211;11;45
212;122;45
213;11;46
214;122;46
215;11;97
216;122;97
219;11;57
220;122;57
221;11;58
222;122;58
223;11;68
224;122;68
225;11;69
226;122;69
227;11;105
228;122;105
229;11;70
230;122;70
231;11;72
232;122;72
233;11;75
234;122;75
235;11;79
236;122;79
237;11;94
238;122;94
239;11;100
240;122;100
241;11;82
242;122;82
243;11;101
244;122;101
245;11;106
246;122;106
247;11;84
249;11;86
251;122;86
252;11;88
253;122;88
254;11;89
255;122;89
256;11;107
257;122;107
258;11;63
259;122;63
260;11;93
261;122;93
262;11;108
263;122;108
264;11;95
265;122;95
266;7;6
267;6;24
268;7;24
269;8;8
270;8;9
271;8;12
272;8;17
273;8;21
274;8;32
275;8;105
276;8;103
277;8;106
278;8;107
279;8;102
280;8;108
281;8;104
282;7;63
283;7;96
284;7;35
285;7;36
286;7;43
287;7;99
288;7;97
289;7;53
290;7;55
291;7;57
292;7;64
293;7;70
294;7;103
295;7;100
296;7;82
297;7;101
298;7;84
299;7;107
300;7;1
301;7;12
302;7;13
303;7;37
304;7;42
305;7;65
307;7;67
308;7;75
309;7;102
310;7;3
311;7;47
312;7;27
313;7;38
314;7;41
315;7;76
316;7;59
317;7;8
318;7;9
319;7;11
320;7;17
321;7;90
322;7;81
323;7;4
324;7;61
325;7;62
326;7;18
327;7;20
328;7;91
329;7;29
330;7;51
331;7;66
332;7;105
333;7;72
334;7;77
335;7;79
336;7;88
337;7;98
338;7;80
339;7;86
340;7;89
341;7;108
342;7;104
343;7;5
344;7;85
345;7;21
346;7;28
347;7;45
348;7;50
349;7;68
350;7;69
351;7;106
352;7;44
353;7;92
354;7;74
355;7;32
356;7;33
357;7;48
358;7;95
359;7;58
360;7;94
361;7;93
362;3;3
363;3;6
364;3;4
365;3;5
366;3;59
367;3;8
368;3;9
369;3;47
370;3;11
371;3;12
372;3;13
373;3;61
374;3;62
375;3;92
376;3;17
377;3;18
378;3;85
379;3;20
380;3;21
381;3;90
382;3;91
383;3;24
384;3;44
385;3;48
386;3;27
387;3;28
388;3;29
389;3;74
390;3;81
391;3;32
392;3;33
393;3;37
394;3;38
395;3;96
396;3;35
397;3;36
398;3;41
399;3;42
400;3;43
401;3;99
402;3;45
403;3;46
404;3;97
405;3;50
406;3;51
407;3;53
408;3;98
409;3;55
410;3;56
411;3;57
412;3;58
413;3;64
414;3;65
415;3;66
416;3;67
417;3;68
418;3;69
419;3;105
420;3;70
421;3;72
422;3;75
423;3;76
424;3;103
425;3;77
426;3;79
427;3;94
428;3;80
429;3;100
430;3;82
431;3;101
432;3;106
433;3;84
434;3;86
435;3;88
436;3;89
437;3;107
438;3;63
439;3;93
440;3;102
441;3;108
442;3;95
443;3;104
446;464;NULL
447;446;37
448;6;96
449;NULL;NULL
450;589;NULL
453;NULL;NULL
456;NULL;NULL
461;464;NULL
463;464;NULL
464;NULL;NULL
465;589;NULL
467;464;NULL
468;464;NULL
470;464;NULL
471;464;NULL
472;464;NULL
473;464;NULL
474;464;NULL
476;464;NULL
477;464;NULL
478;464;NULL
479;464;NULL
480;464;NULL
481;464;NULL
482;464;NULL
483;464;NULL
485;464;NULL
486;464;NULL
487;464;NULL
488;464;NULL
489;464;NULL
490;464;NULL
491;464;NULL
493;464;NULL
494;464;NULL
495;464;NULL
496;464;NULL
497;464;NULL
498;464;NULL
499;464;NULL
500;464;NULL
501;464;NULL
502;464;NULL
503;464;NULL
504;464;NULL
505;464;NULL
506;464;NULL
507;464;NULL
508;464;NULL
509;464;NULL
510;464;NULL
511;464;NULL
512;464;NULL
513;464;NULL
514;464;NULL
515;464;NULL
516;464;NULL
517;962;NULL
518;464;NULL
519;464;NULL
520;464;NULL
527;6;8
528;6;9
529;6;47
530;6;11
531;6;37
532;6;33
533;6;13
534;6;61
535;6;92
536;6;17
537;6;18
538;6;85
539;6;20
540;6;21
541;6;91
542;6;44
543;6;32
544;6;36
545;6;42
546;6;46
547;6;50
548;6;51
549;6;56
550;6;57
551;6;65
552;6;66
553;6;67
554;6;105
555;6;70
556;6;72
557;6;76
558;6;103
559;6;94
560;6;84
561;6;101
562;6;88
563;6;107
564;6;82
565;6;97
566;6;41
568;6;29
569;6;99
570;6;68
571;6;75
572;6;89
573;6;79
574;6;55
575;464;NULL
576;464;NULL
578;464;NULL
579;589;NULL
580;589;NULL
581;6;81
582;6;100
583;6;53
584;6;63
585;6;58
586;6;74
587;6;77
589;NULL;NULL
594;589;NULL
595;589;NULL
596;589;NULL
598;589;NULL
599;589;NULL
600;589;NULL
601;589;NULL
603;589;NULL
604;589;NULL
605;589;NULL
606;589;NULL
607;589;NULL
608;6;69
609;6;62
610;626;NULL
611;832;NULL
612;NULL;NULL
613;618;NULL
618;NULL;NULL
621;618;NULL
622;618;NULL
624;618;NULL
626;NULL;NULL
627;NULL;NULL
630;624;84
631;624;63
632;626;NULL
634;632;63
635;624;3
636;624;6
637;624;24
638;632;3
639;624;33
640;624;37
641;624;38
642;624;4
643;624;96
644;624;35
645;624;5
646;624;36
647;624;41
648;624;42
649;624;43
650;624;59
651;624;93
652;624;44
653;624;99
654;624;8
655;624;45
656;624;9
657;624;46
658;624;47
659;624;97
660;624;48
661;624;11
662;624;12
663;624;50
664;624;51
665;624;13
666;624;53
667;624;27
669;624;28
670;624;98
671;624;55
672;624;1
673;624;57
674;624;58
675;624;61
676;624;62
677;624;64
678;624;65
679;624;66
680;624;67
681;624;68
682;624;69
683;624;105
684;624;70
685;624;72
686;624;29
687;624;74
688;624;75
689;624;76
690;624;103
691;624;77
692;624;79
693;624;92
694;624;94
695;624;80
696;624;17
697;624;100
698;624;81
699;624;82
700;624;18
701;624;101
702;624;106
703;624;85
704;624;86
705;624;20
706;624;88
707;624;32
708;624;21
709;624;108
710;624;89
711;624;90
712;624;91
713;624;95
714;624;104
715;624;107
716;618;NULL
717;632;6
718;632;24
719;632;33
720;632;37
721;632;38
722;632;4
723;632;96
724;632;35
725;632;5
726;632;36
727;632;41
728;632;42
729;632;43
730;632;59
731;632;93
732;632;44
733;632;99
734;632;8
735;632;45
736;632;9
737;632;46
738;632;47
739;632;97
740;632;48
741;632;11
742;632;12
743;632;50
744;632;51
745;632;13
746;632;53
747;632;27
748;632;28
749;632;98
750;632;55
751;632;56
752;632;57
753;632;58
754;632;61
755;632;62
756;632;64
757;632;65
758;632;102
759;632;66
760;632;67
761;632;68
762;632;69
763;632;105
764;632;70
765;632;72
766;632;29
767;632;74
768;632;75
769;632;76
770;632;103
771;632;77
772;632;1
773;632;79
774;632;92
775;632;94
776;632;80
777;632;17
778;632;100
779;632;81
780;632;82
781;632;18
782;632;101
783;632;106
784;632;85
785;632;84
786;632;86
787;632;20
788;632;88
789;632;32
790;632;21
791;632;108
792;632;89
793;632;90
794;632;91
795;632;95
796;632;104
797;632;107
799;621;NULL
800;622;NULL
802;622;NULL
803;622;NULL
804;622;NULL
805;622;NULL
806;622;NULL
807;622;NULL
808;622;NULL
809;622;NULL
810;622;NULL
811;621;NULL
812;621;NULL
813;621;NULL
814;621;NULL
815;621;NULL
816;621;NULL
817;621;NULL
818;621;NULL
819;621;NULL
820;621;NULL
821;621;NULL
822;621;NULL
823;621;NULL
824;621;NULL
825;621;NULL
826;621;NULL
827;621;NULL
828;621;NULL
829;621;NULL
830;NULL;NULL
831;830;NULL
832;NULL;NULL
833;832;NULL
834;833;1
835;833;3
836;833;4
837;833;5
838;833;59
839;833;8
840;833;9
841;833;12
842;833;13
843;833;61
844;833;92
845;833;17
846;833;18
847;833;85
848;833;90
850;833;80
851;833;89
859;513;NULL
860;513;NULL
861;513;NULL
862;513;NULL
863;513;NULL
864;513;NULL
865;513;NULL
867;446;57
868;474;57
869;122;84
870;NULL;NULL
871;474;67
872;446;43
873;482;28
874;482;104
875;515;57
876;515;43
877;472;57
878;478;57
879;482;57
880;483;57
881;495;57
882;496;57
883;461;57
884;480;57
885;481;57
886;516;NULL
887;516;NULL
888;516;NULL
889;516;NULL
890;516;NULL
891;516;NULL
892;516;NULL
893;516;NULL
894;511;NULL
895;511;NULL
896;511;NULL
897;511;NULL
898;511;NULL
899;511;NULL
900;511;NULL
901;6;38
902;515;64
903;515;63
904;520;NULL
905;520;NULL
906;520;NULL
907;520;NULL
908;520;NULL
909;520;NULL
910;520;NULL
911;520;NULL
912;520;NULL
913;520;NULL
914;520;NULL
915;520;NULL
916;520;NULL
917;520;NULL
918;520;NULL
919;520;NULL
920;520;NULL
921;520;NULL
922;520;NULL
923;520;NULL
924;6;35
925;6;106
926;6;43
927;474;43
928;478;43
929;472;43
930;482;43
931;483;43
932;495;43
933;496;43
934;461;43
935;480;43
936;481;43
937;6;59
938;6;93
939;6;45
941;6;48
942;6;12
945;6;27
946;6;28
947;6;98
948;6;102
949;6;80
950;6;86
951;6;108
952;6;90
953;6;95
954;6;104
959;NULL;NULL
960;959;84
962;NULL;NULL
966;962;NULL
967;962;NULL
968;962;NULL
969;962;NULL
970;962;NULL
971;962;NULL
972;962;NULL
973;NULL;NULL
974;973;NULL
975;973;NULL
976;973;NULL
978;5944;63
979;259;63
980;461;27
981;589;NULL
982;589;NULL
983;259;63
984;983;63
985;627;63
986;993;63
987;983;63
988;983;63
989;983;63
990;983;63
991;983;63
992;983;63
993;983;63
994;983;63
995;983;63
996;983;63
997;984;63
998;984;63
999;984;63
1000;984;63
1001;984;63
1002;984;63
1003;984;63
1004;984;63
1005;984;63
1006;984;63
1007;987;63
1008;987;63
1009;987;63
1010;987;63
1011;987;63
1012;987;63
1013;987;63
1014;987;63
1015;987;63
1016;987;63
1017;987;63
1018;987;63
1019;987;63
1020;987;63
1021;987;63
1022;987;63
1023;988;63
1024;988;63
1025;988;63
1026;988;63
1027;988;63
1028;988;63
1029;988;63
1030;988;63
1031;988;63
1032;988;63
1033;988;63
1034;988;63
1035;988;63
1036;988;63
1037;988;63
1038;988;63
1039;988;63
1040;989;63
1041;989;63
1042;989;63
1043;989;63
1044;989;63
1045;989;63
1046;989;63
1047;989;63
1048;989;63
1049;989;63
1050;989;63
1051;989;63
1052;989;63
1053;989;63
1054;989;63
1055;989;63
1056;990;63
1057;990;63
1058;990;63
1059;990;63
1060;990;63
1061;990;63
1062;990;63
1063;990;63
1064;990;63
1065;990;63
1066;990;63
1067;990;63
1068;991;63
1069;991;63
1070;991;63
1071;991;63
1072;991;63
1073;991;63
1074;991;63
1075;991;63
1076;991;63
1077;991;63
1078;991;63
1079;991;63
1080;991;63
1081;991;63
1082;991;63
1083;991;63
1084;992;63
1085;992;63
1086;992;63
1087;992;63
1088;992;63
1089;992;63
1090;992;63
1091;992;63
1092;992;63
1093;992;63
1094;992;63
1095;992;63
1096;993;63
1097;993;63
1098;993;63
1099;993;63
1100;993;63
1101;993;63
1102;993;63
1103;993;63
1104;993;63
1105;993;63
1106;993;63
1107;993;63
1108;994;63
1109;994;63
1110;994;63
1111;994;63
1112;994;63
1113;994;63
1114;994;63
1115;994;63
1116;995;63
1117;995;63
1118;995;63
1119;995;63
1120;995;63
1121;996;63
1122;996;63
1123;996;63
1124;996;63
1125;996;63
1126;996;63
1127;996;63
1128;996;63
1129;996;63
1130;996;63
1131;996;63
1132;996;63
1133;996;63
1134;996;63
1135;996;63
1136;996;63
1137;996;63
1138;996;63
1139;996;63
1140;996;63
1141;996;63
1143;589;NULL
1144;191;1
1145;1144;1
1148;627;1
1149;1148;1
1150;1144;1
1151;1144;1
1152;1144;1
1153;1144;1
1154;1144;1
1155;1144;1
1156;1144;1
1157;1144;1
1158;1144;1
1159;1144;1
1160;1144;1
1161;1144;1
1162;1144;1
1163;1144;1
1164;1144;1
1165;1144;1
1166;1144;1
1167;1148;1
1168;1148;1
1169;1148;1
1170;1148;1
1171;1148;1
1172;1148;1
1173;1148;1
1174;1148;1
1175;1148;1
1176;1148;1
1177;1148;1
1178;1148;1
1179;1148;1
1180;1148;1
1181;1148;1
1182;1148;1
1183;1148;1
1184;1148;1
1185;1148;1
1186;1148;1
1187;1148;1
1188;1148;1
1189;1148;1
1190;1148;1
1191;1148;1
1192;1148;1
1193;1148;1
1194;1148;1
1195;1148;1
1196;1148;1
1197;1148;1
1198;1148;1
1199;1148;1
1200;1148;1
1201;1148;1
1202;1148;1
1203;1148;1
1204;1148;1
1205;1148;1
1206;1148;1
1207;1148;1
1208;1148;1
1209;1148;1
1210;1148;1
1211;1148;1
1212;1148;1
1213;1148;1
1214;1148;1
1215;1148;1
1216;1148;1
1217;1148;1
1218;1148;1
1219;1148;1
1220;1148;1
1221;1148;1
1222;1148;1
1223;1148;1
1224;1148;1
1225;1148;1
1226;1148;1
1227;1148;1
1228;1148;1
1229;1148;1
1230;1148;1
1231;1148;1
1232;1148;1
1233;1148;1
1234;1148;1
1235;1148;1
1236;1148;1
1237;1148;1
1238;1148;1
1239;1148;1
1240;1148;1
1241;1148;1
1242;1148;1
1243;1148;1
1244;1148;1
1245;1148;1
1246;1148;1
1247;1148;1
1248;1148;1
1249;1148;1
1250;1148;1
1251;1148;1
1252;1148;1
1253;1148;1
1254;1148;1
1255;1148;1
1256;1148;1
1257;1148;1
1258;1148;1
1259;1148;1
1260;1148;1
1261;1148;1
1262;1148;1
1263;1148;1
1264;1148;1
1265;1148;1
1266;1148;1
1267;1148;1
1268;1148;1
1269;1148;1
1270;1148;1
1271;1148;1
1272;1148;1
1273;1148;1
1274;1148;1
1275;1148;1
1276;1148;1
1277;959;1
1278;959;63
1279;461;1
1280;461;63
1281;496;1
1282;496;63
1283;495;1
1284;495;63
1285;483;1
1286;483;63
1287;480;1
1288;480;63
1289;479;1
1290;479;63
1291;595;1
1292;595;63
1293;446;1
1294;446;63
1295;478;1
1296;478;63
1297;474;1
1298;474;63
1299;472;1
1300;472;63
1301;468;1
1302;468;63
1303;502;NULL
1304;502;NULL
1305;470;1
1306;470;63
1307;482;1
1308;482;63
1309;473;NULL
1310;473;NULL
1311;504;NULL
1312;504;NULL
1313;515;1
1314;580;1
1315;580;63
1316;634;63
1317;1316;63
1318;772;1
1319;1318;1
1320;1316;63
1321;1316;63
1322;1316;63
1323;1316;63
1324;1316;63
1325;1316;63
1326;1316;63
1327;1316;63
1328;1316;63
1329;1316;63
1330;1316;63
1331;1316;63
1332;1316;63
1333;1316;63
1334;1316;63
1335;1316;63
1336;1316;63
1337;1316;63
1338;1316;63
1339;1316;63
1340;1316;63
1341;1316;63
1342;1316;63
1343;1316;63
1344;1316;63
1345;1316;63
1346;1316;63
1347;1316;63
1348;1316;63
1349;1316;63
1350;1316;63
1351;1316;63
1352;1316;63
1353;1316;63
1354;1318;1
1355;1318;1
1356;1318;1
1357;1318;1
1358;1318;1
1359;1318;1
1360;1318;1
1361;1318;1
1362;1318;1
1363;1318;1
1364;1318;1
1365;1318;1
1366;1318;1
1367;1318;1
1368;1318;1
1369;1318;1
1370;1318;1
1371;1318;1
1372;1318;1
1373;1318;1
1374;1318;1
1375;1318;1
1377;976;1
1378;976;63
1396;627;46
1397;1396;46
1398;1396;46
1399;1396;46
1400;1396;46
1401;1396;46
1402;1396;46
1403;1396;46
1404;1396;46
1405;1396;46
1406;1396;46
1407;1396;46
1408;1396;46
1409;1396;46
1410;1396;46
1411;1396;46
1412;1396;46
1413;1396;46
1414;1396;46
1415;1396;46
1416;1396;46
1417;1396;46
1418;1396;46
1419;627;96
1420;1419;96
1421;1419;96
1422;1419;96
1423;1419;96
1424;1419;96
1425;1419;96
1426;1419;96
1427;1419;96
1428;1419;96
1429;1419;96
1430;1419;96
1431;1419;96
1432;1419;96
1433;1419;96
1434;1419;96
1435;1419;96
1436;1419;96
1437;1419;96
1438;1419;96
1439;1419;96
1440;1419;96
1441;1419;96
1442;627;43
1443;1442;43
1444;1442;43
1445;1442;43
1446;1442;43
1447;1442;43
1448;1442;43
1449;1442;43
1450;1442;43
1451;1442;43
1452;1442;43
1453;1442;43
1454;1442;43
1455;1442;43
1456;1442;43
1457;1442;43
1458;1442;43
1459;1442;43
1460;1442;43
1461;1442;43
1462;1442;43
1463;1442;43
1464;1442;43
1465;1442;43
1466;1442;43
1467;1442;43
1468;1442;43
1469;1442;43
1470;1442;43
1471;1442;43
1472;1442;43
1473;1442;43
1474;1442;43
1475;1442;43
1476;1442;43
1477;627;64
1478;1477;64
1479;1477;64
1480;1477;64
1481;1477;64
1482;1477;64
1483;1477;64
1484;1477;64
1485;1477;64
1486;1477;64
1487;1477;64
1488;1477;64
1489;1477;64
1490;1477;64
1491;1477;64
1492;1477;64
1493;1477;64
1494;1477;64
1495;1477;64
1496;1477;64
1497;1477;64
1498;1477;64
1499;1477;64
1500;1477;64
1501;1477;64
1502;1477;64
1503;1477;64
1504;1477;64
1505;1477;64
1506;1477;64
1507;1477;64
1508;1477;64
1509;1477;64
1511;1477;64
1512;1477;64
1513;1477;64
1514;1477;64
1515;1477;64
1516;1477;64
1517;1477;64
1518;1477;64
1519;1477;64
1520;1477;64
1521;1477;64
1522;1477;64
1523;1477;64
1524;1477;64
1525;1477;64
1526;1477;64
1527;1477;64
1528;1477;64
1529;1477;64
1530;1477;64
1531;1477;64
1532;1477;64
1533;1477;64
1534;1477;64
1535;1477;64
1536;1477;64
1537;1477;64
1538;1477;64
1539;1477;64
1540;1477;64
1541;1477;64
1542;1477;64
1543;1477;64
1544;1477;64
1545;1477;64
1546;1477;64
1547;1477;64
1548;1477;64
1549;1477;64
1550;1477;64
1551;627;67
1552;1551;67
1553;1551;67
1554;1551;67
1555;1551;67
1556;1551;67
1557;1551;67
1558;1551;67
1559;1551;67
1560;1551;67
1561;1551;67
1562;1551;67
1563;1551;67
1564;1551;67
1565;1551;67
1566;1551;67
1567;1551;67
1568;1551;67
1569;1551;67
1570;1551;67
1571;1551;67
1572;1551;67
1573;1551;67
1574;627;68
1575;1574;68
1576;1574;68
1577;1574;68
1578;1574;68
1579;1574;68
1580;1574;68
1581;1574;68
1582;1574;68
1583;1574;68
1584;1574;68
1585;1574;68
1586;1574;68
1587;1574;68
1588;1574;68
1589;1574;68
1590;1574;68
1591;1574;68
1592;1574;68
1593;1574;68
1594;1574;68
1595;1574;68
1596;1574;68
1597;1574;68
1598;1574;68
1599;1574;68
1600;1574;68
1601;1574;68
1602;1574;68
1603;1574;68
1604;1574;68
1605;1574;68
1606;1574;68
1607;1574;68
1608;1574;68
1609;1574;68
1610;627;76
1611;1610;76
1612;1610;76
1613;1610;76
1614;1610;76
1615;1610;76
1616;1610;76
1617;1610;76
1618;1610;76
1619;1610;76
1620;1610;76
1621;1610;76
1622;1610;76
1623;1610;76
1624;1610;76
1625;1610;76
1626;1610;76
1627;1610;76
1628;1610;76
1629;1610;76
1630;1610;76
1631;1610;76
1632;1610;76
1633;1610;76
1634;1610;76
1635;1610;76
1636;1610;76
1637;1610;76
1638;1610;76
1639;1610;76
1640;1610;76
1641;1610;76
1642;1610;76
1643;1610;76
1644;1610;76
1645;1610;76
1646;1610;76
1647;1610;76
1648;1610;76
1649;1610;76
1650;1610;76
1651;1610;76
1652;1610;76
1653;1610;76
1654;1610;76
1655;1610;76
1656;1610;76
1657;1610;76
1658;1610;76
1659;1610;76
1660;1610;76
1661;1610;76
1662;1610;76
1663;1610;76
1664;1610;76
1665;1610;76
1666;627;84
1667;1666;84
1668;1666;84
1669;1666;84
1670;1666;84
1671;1666;84
1672;1666;84
1673;1666;84
1674;1666;84
1675;1666;84
1676;1666;84
1677;1666;84
1678;1666;84
1679;1666;84
1680;1666;84
1681;1666;84
1682;1666;84
1683;1666;84
1684;1666;84
1685;1666;84
1686;1666;84
1687;1666;84
1688;1666;84
1689;1666;84
1690;1666;84
1691;1666;84
1692;1666;84
1693;1666;84
1694;627;86
1695;1694;86
1696;627;28
1697;1696;28
1698;1696;28
1699;1694;86
1700;1694;86
1701;1694;86
1702;1694;86
1703;1694;86
1704;1694;86
1705;1694;86
1706;1694;86
1707;1694;86
1708;1694;86
1709;1694;86
1710;1694;86
1711;1694;86
1712;1694;86
1713;1694;86
1714;1694;86
1715;1694;86
1716;1694;86
1717;1694;86
1718;1694;86
1719;1694;86
1720;1694;86
1721;1694;86
1722;1694;86
1723;1694;86
1724;1696;28
1725;1696;28
1726;1696;28
1727;1696;28
1728;1696;28
1729;1696;28
1730;1696;28
1731;1696;28
1732;1696;28
1733;1696;28
1734;1696;28
1735;1696;28
1736;1696;28
1737;1696;28
1738;1696;28
1739;1696;28
1740;1696;28
1741;1696;28
1742;1696;28
1743;1696;28
1744;1696;28
1745;1696;28
1746;1696;28
1747;1696;28
1748;1696;28
1749;1696;28
1750;1696;28
1751;1696;28
1752;1696;28
1753;1696;28
1754;1696;28
1755;1696;28
1756;1696;28
1757;1696;28
1758;1696;28
1759;1696;28
1760;1696;28
1761;1696;28
1762;1696;28
1763;1696;28
1764;1696;28
1765;1696;28
1766;1696;28
1767;1696;28
1768;1696;28
1769;1696;28
1770;1696;28
1771;1696;28
1772;1696;28
1773;1696;28
1774;1696;28
1775;1696;28
1776;1696;28
1777;1696;28
1778;1696;28
1779;1696;28
1780;1696;28
1781;1696;28
1782;1696;28
1783;627;80
1784;1783;80
1785;627;70
1786;1785;70
1787;1785;70
1788;1785;70
1789;1785;70
1790;1785;70
1791;1785;70
1792;1785;70
1793;1785;70
1794;1785;70
1795;1785;70
1796;1785;70
1797;1785;70
1798;1785;70
1799;1785;70
1800;1785;70
1801;1785;70
1802;1785;70
1803;1785;70
1804;1785;70
1805;1785;70
1806;1785;70
1807;1785;70
1808;1785;70
1809;1785;70
1810;1785;70
1811;1785;70
1812;1785;70
1813;1783;80
1814;1783;80
1815;1783;80
1816;1783;80
1817;1783;80
1818;1783;80
1819;1783;80
1820;1783;80
1821;1783;80
1822;1783;80
1823;1783;80
1824;1783;80
1825;1783;80
1826;1783;80
1827;1783;80
1828;1783;80
1829;1783;80
1830;1783;80
1831;1783;80
1832;1783;80
1833;1783;80
1834;1783;80
1835;1783;80
1836;1783;80
1837;1783;80
1838;1783;80
1839;1783;80
1840;1783;80
1841;1783;80
1842;1783;80
1843;1783;80
1844;1783;80
1845;1783;80
1846;1783;80
1847;1783;80
1848;1783;80
1849;1783;80
1850;1783;80
1851;1783;80
1852;1783;80
1853;1783;80
1854;1783;80
1855;1783;80
1856;1783;80
1857;1783;80
1858;1783;80
1859;1783;80
1860;1783;80
1861;1783;80
1862;1783;80
1863;1783;80
1864;1783;80
1865;1783;80
1866;1783;80
1867;1783;80
1868;1783;80
1869;1783;80
1870;1783;80
1871;1783;80
1872;1783;80
1873;1783;80
1874;1783;80
1875;1783;80
1876;1783;80
1877;1783;80
1878;1783;80
1879;1783;80
1880;1783;80
1881;1783;80
1882;1783;80
1883;1783;80
1884;1783;80
1885;627;66
1886;1885;66
1887;1885;66
1888;1885;66
1889;1885;66
1890;1885;66
1891;1885;66
1892;1885;66
1893;1885;66
1894;1885;66
1895;1885;66
1896;1885;66
1897;1885;66
1898;1885;66
1899;1885;66
1900;1885;66
1901;1885;66
1902;1885;66
1903;1885;66
1904;1885;66
1905;1885;66
1906;1885;66
1907;1885;66
1908;1885;66
1909;1885;66
1910;1885;66
1911;1885;66
1912;1885;66
1913;1885;66
1914;1885;66
1915;1885;66
1916;1885;66
1917;1885;66
1918;1885;66
1919;1885;66
1920;1885;66
1921;1885;66
1922;1885;66
1923;1885;66
1924;1885;66
1925;1885;66
1926;1885;66
1927;1885;66
1928;1885;66
1929;1885;66
1930;1885;66
1931;1885;66
1932;1885;66
1933;1885;66
1934;1885;66
1935;1885;66
1936;1885;66
1937;1885;66
1938;627;18
1939;1938;18
1940;1938;18
1941;1938;18
1942;1938;18
1943;1938;18
1944;1938;18
1945;1938;18
1946;1938;18
1947;1938;18
1948;1938;18
1949;1938;18
1950;1938;18
1951;1938;18
1952;1938;18
1953;1938;18
1954;1938;18
1955;1938;18
1956;1938;18
1957;1938;18
1958;1938;18
1959;1938;18
1960;1938;18
1961;1938;18
1962;1938;18
1963;1938;18
1964;1938;18
1965;1938;18
1966;1938;18
1967;1938;18
1968;1938;18
1969;1938;18
1970;1938;18
1971;1938;18
1972;1938;18
1973;1938;18
1974;1938;18
1975;1938;18
1976;1938;18
1977;1938;18
1978;1938;18
1979;1938;18
1980;1938;18
1981;1938;18
1982;1938;18
1983;1938;18
1984;1938;18
1985;1938;18
1986;627;77
1987;1986;77
1988;1986;77
1989;1986;77
1990;1986;77
1991;1986;77
1992;1986;77
1993;1986;77
1994;1986;77
1995;1986;77
1996;1986;77
1997;1986;77
1998;1986;77
1999;1986;77
2000;1986;77
2001;1986;77
2002;1986;77
2003;1986;77
2004;1986;77
2005;1986;77
2006;1986;77
2007;1986;77
2008;1986;77
2009;1986;77
2010;1986;77
2011;1986;77
2012;1986;77
2013;1986;77
2014;1986;77
2015;1986;77
2016;1986;77
2017;1986;77
2018;1986;77
2019;1986;77
2020;1986;77
2021;1986;77
2022;1986;77
2023;1986;77
2024;627;69
2025;2024;69
2026;627;89
2027;2026;89
2028;2024;69
2029;2024;69
2030;2024;69
2031;2024;69
2032;2024;69
2033;2024;69
2034;2024;69
2035;2024;69
2036;2024;69
2037;2024;69
2038;2024;69
2039;2024;69
2040;2024;69
2041;2024;69
2042;2024;69
2043;2024;69
2044;2024;69
2045;2024;69
2046;2024;69
2047;2024;69
2048;2024;69
2049;2024;69
2050;2024;69
2051;2024;69
2052;2024;69
2053;2024;69
2054;2024;69
2055;2024;69
2056;2024;69
2057;2024;69
2058;2024;69
2059;2024;69
2060;2026;89
2061;2026;89
2062;2026;89
2063;2026;89
2064;2026;89
2065;2026;89
2066;2026;89
2067;2026;89
2068;2026;89
2069;2026;89
2070;2026;89
2071;2026;89
2072;2026;89
2073;2026;89
2074;2026;89
2075;2026;89
2076;2026;89
2077;2026;89
2078;2026;89
2079;2026;89
2080;2026;89
2081;2026;89
2082;2026;89
2083;2026;89
2084;2026;89
2085;2026;89
2086;2026;89
2087;2026;89
2088;2026;89
2089;2026;89
2090;2026;89
2091;2026;89
2092;2026;89
2093;2026;89
2094;2026;89
2095;2026;89
2096;2026;89
2097;2026;89
2098;2026;89
2099;2026;89
2100;2026;89
2101;2026;89
2102;627;79
2103;2102;79
2104;627;41
2105;2104;41
2106;2102;79
2107;2102;79
2108;2102;79
2109;2102;79
2110;2102;79
2111;2102;79
2112;2102;79
2113;2102;79
2114;2102;79
2115;2102;79
2116;2102;79
2117;2102;79
2118;2102;79
2119;2102;79
2120;2102;79
2121;2102;79
2122;2102;79
2123;2102;79
2124;2102;79
2125;2102;79
2126;2102;79
2127;2102;79
2128;2102;79
2129;2102;79
2130;2102;79
2131;2102;79
2132;2102;79
2133;2102;79
2134;2102;79
2135;2102;79
2136;2102;79
2137;2102;79
2138;2102;79
2139;2102;79
2140;2102;79
2141;2102;79
2142;2102;79
2143;2102;79
2144;2102;79
2145;2102;79
2146;2102;79
2147;2104;41
2148;2104;41
2149;2104;41
2150;2104;41
2151;2104;41
2152;2104;41
2153;2104;41
2154;2104;41
2155;2104;41
2156;2104;41
2157;2104;41
2158;2104;41
2159;2104;41
2160;2104;41
2161;2104;41
2162;2104;41
2163;2104;41
2164;2104;41
2165;2104;41
2166;2104;41
2167;2104;41
2168;2104;41
2169;2104;41
2170;2104;41
2171;2104;41
2172;2104;41
2173;2104;41
2174;2104;41
2175;2104;41
2176;2104;41
2177;2104;41
2178;2104;41
2179;2104;41
2180;2104;41
2181;2104;41
2182;2104;41
2183;2104;41
2184;2104;41
2185;627;29
2186;2185;29
2187;627;27
2188;2187;27
2189;627;20
2190;2189;20
2191;2185;29
2192;2185;29
2193;2185;29
2194;2185;29
2195;2185;29
2196;2185;29
2197;2185;29
2198;2185;29
2199;2185;29
2200;2185;29
2201;2185;29
2202;2185;29
2203;2185;29
2204;2185;29
2205;2185;29
2206;2185;29
2207;2185;29
2208;2185;29
2209;2185;29
2210;2185;29
2211;2185;29
2212;2185;29
2213;2185;29
2214;2185;29
2215;2185;29
2216;2185;29
2217;2185;29
2218;2185;29
2219;2185;29
2220;2185;29
2221;2185;29
2222;2185;29
2223;2185;29
2224;2185;29
2225;2185;29
2226;2185;29
2227;2185;29
2228;2185;29
2229;2185;29
2230;2185;29
2231;2185;29
2232;2185;29
2233;2185;29
2234;2185;29
2235;2185;29
2236;2185;29
2237;2185;29
2238;2187;27
2239;2187;27
2240;2187;27
2241;2187;27
2242;2187;27
2243;2187;27
2244;2187;27
2245;2187;27
2246;2187;27
2247;2187;27
2248;2187;27
2249;2187;27
2250;2187;27
2251;2187;27
2252;2187;27
2253;2187;27
2254;2187;27
2255;2187;27
2256;2187;27
2257;2187;27
2258;2187;27
2259;2187;27
2260;2187;27
2261;2187;27
2262;2187;27
2263;2187;27
2264;2187;27
2265;2187;27
2266;2187;27
2267;2187;27
2268;2187;27
2269;2187;27
2270;2187;27
2271;2187;27
2272;2187;27
2273;2187;27
2274;2187;27
2275;2187;27
2276;2187;27
2277;2187;27
2278;2187;27
2279;2187;27
2280;2187;27
2281;627;24
2282;2281;24
2283;2281;24
2284;627;88
2285;2284;88
2286;2189;20
2287;2189;20
2288;2189;20
2289;2189;20
2290;2189;20
2291;2189;20
2292;2189;20
2293;2189;20
2294;2189;20
2295;2189;20
2296;2189;20
2297;2189;20
2298;2189;20
2299;2189;20
2300;2189;20
2301;2189;20
2302;2189;20
2303;2189;20
2304;2189;20
2305;2189;20
2306;2189;20
2307;2189;20
2308;2189;20
2309;2189;20
2310;2189;20
2311;2189;20
2312;2189;20
2313;2189;20
2314;2189;20
2315;2281;24
2316;2281;24
2317;2281;24
2318;2281;24
2319;2281;24
2320;2281;24
2321;2281;24
2322;2281;24
2323;2281;24
2324;2281;24
2325;2281;24
2326;2281;24
2327;2281;24
2328;2281;24
2329;2281;24
2330;2281;24
2331;2281;24
2332;2281;24
2333;2281;24
2334;2281;24
2335;2281;24
2336;2281;24
2337;2281;24
2338;2281;24
2339;2281;24
2340;2281;24
2341;2281;24
2342;2281;24
2343;2281;24
2344;2281;24
2345;2281;24
2346;2281;24
2347;2281;24
2348;2281;24
2349;2281;24
2350;2281;24
2351;2281;24
2352;2281;24
2353;2281;24
2354;2281;24
2355;2281;24
2356;2281;24
2357;2281;24
2358;2281;24
2359;2281;24
2360;2281;24
2361;2281;24
2362;2281;24
2363;2281;24
2364;2281;24
2365;2281;24
2366;2281;24
2367;2281;24
2368;2281;24
2369;2281;24
2370;2281;24
2371;2281;24
2372;2281;24
2373;2281;24
2374;2281;24
2375;2281;24
2376;2281;24
2377;2281;24
2378;2281;24
2379;2281;24
2380;2281;24
2381;2281;24
2382;2281;24
2383;627;45
2384;2383;45
2385;627;107
2386;2385;107
2387;627;32
2388;2387;32
2389;2284;88
2390;2284;88
2391;2284;88
2392;2284;88
2393;2284;88
2394;2284;88
2395;2284;88
2396;2284;88
2397;2284;88
2398;2284;88
2399;2284;88
2400;2284;88
2401;2284;88
2402;2284;88
2403;2284;88
2404;2284;88
2405;2284;88
2406;2284;88
2407;2284;88
2408;2284;88
2409;2284;88
2410;2284;88
2411;2284;88
2412;2383;45
2413;2383;45
2414;2383;45
2415;2383;45
2416;2383;45
2417;2383;45
2418;2383;45
2419;2383;45
2420;2383;45
2421;2383;45
2422;2383;45
2423;2383;45
2424;2383;45
2425;2383;45
2426;2383;45
2427;2383;45
2428;2383;45
2429;2383;45
2430;2383;45
2431;2383;45
2432;2383;45
2433;2383;45
2434;2383;45
2435;2383;45
2436;2383;45
2437;2383;45
2438;2383;45
2439;2383;45
2440;2383;45
2441;2383;45
2442;2383;45
2443;2383;45
2444;2383;45
2445;2383;45
2446;2383;45
2447;2383;45
2448;2383;45
2449;2383;45
2450;2383;45
2451;2383;45
2452;2383;45
2453;2385;107
2454;2385;107
2455;2385;107
2456;2385;107
2457;2385;107
2458;2385;107
2459;2385;107
2460;2385;107
2461;2385;107
2462;2385;107
2463;2385;107
2464;2385;107
2465;2385;107
2466;2385;107
2467;2385;107
2468;2385;107
2469;2385;107
2470;2385;107
2471;2385;107
2472;627;105
2473;2472;105
2474;627;50
2475;2474;50
2477;627;103
2478;2477;103
2479;627;106
2480;2479;106
2481;2387;32
2482;2387;32
2483;2387;32
2484;2387;32
2485;2387;32
2486;2387;32
2487;2387;32
2488;2387;32
2489;2387;32
2490;2387;32
2491;2387;32
2492;2387;32
2493;2387;32
2494;2387;32
2495;2387;32
2496;2387;32
2497;2387;32
2498;2387;32
2499;2472;105
2500;2472;105
2501;2472;105
2502;2472;105
2503;2472;105
2504;2472;105
2505;2472;105
2506;2472;105
2507;2472;105
2508;2472;105
2509;2472;105
2510;2472;105
2511;2472;105
2512;2472;105
2513;2472;105
2514;2472;105
2515;2472;105
2516;2472;105
2517;2472;105
2518;2472;105
2519;2472;105
2520;2472;105
2521;2472;105
2522;2472;105
2523;2472;105
2524;2472;105
2525;2472;105
2526;2472;105
2527;2472;105
2528;2472;105
2529;2472;105
2530;2472;105
2531;2472;105
2532;2472;105
2533;2472;105
2534;2472;105
2535;2472;105
2536;2472;105
2537;2472;105
2538;2472;105
2539;2472;105
2540;2472;105
2541;2472;105
2542;2474;50
2543;2474;50
2544;2474;50
2545;2474;50
2546;2474;50
2547;2474;50
2548;2474;50
2549;2474;50
2550;2474;50
2551;2474;50
2552;2474;50
2553;2474;50
2554;2474;50
2555;2474;50
2556;2474;50
2557;2474;50
2558;2474;50
2559;2474;50
2560;2474;50
2561;2474;50
2562;2474;50
2563;2474;50
2564;2474;50
2565;2474;50
2566;2474;50
2567;2474;50
2568;2474;50
2569;2474;50
2570;2474;50
2571;2474;50
2572;2474;50
2573;2474;50
2574;2474;50
2575;2477;103
2576;2477;103
2577;2477;103
2578;2477;103
2579;2477;103
2580;2477;103
2581;2477;103
2582;2477;103
2583;2477;103
2584;2477;103
2585;2477;103
2586;2477;103
2587;2477;103
2588;2477;103
2589;2477;103
2590;2477;103
2591;2477;103
2592;2477;103
2593;2477;103
2594;2477;103
2595;2477;103
2596;2477;103
2597;2477;103
2598;2477;103
2599;2477;103
2600;2477;103
2601;2477;103
2602;2477;103
2603;2479;106
2604;2479;106
2605;2479;106
2606;2479;106
2607;2479;106
2608;2479;106
2609;2479;106
2610;2479;106
2611;2479;106
2612;2479;106
2613;2479;106
2614;2479;106
2615;2479;106
2616;2479;106
2617;2479;106
2618;2479;106
2619;2479;106
2620;2479;106
2621;2479;106
2622;627;4
2623;2622;4
2624;627;74
2625;2624;74
2626;627;59
2627;2626;59
2628;627;75
2629;2628;75
2630;627;100
2631;2630;100
2632;627;57
2633;2632;57
2634;2622;4
2635;2622;4
2636;2622;4
2637;2622;4
2638;2622;4
2639;2622;4
2640;2622;4
2641;2622;4
2642;2622;4
2643;2622;4
2644;2622;4
2645;2622;4
2646;2622;4
2647;2622;4
2648;2622;4
2649;2622;4
2650;2622;4
2651;2622;4
2652;2622;4
2653;2622;4
2654;2622;4
2655;2622;4
2656;2622;4
2657;2622;4
2658;2622;4
2659;2622;4
2660;2622;4
2661;2622;4
2662;2622;4
2663;2622;4
2664;2622;4
2665;2622;4
2666;2622;4
2667;2622;4
2668;2622;4
2669;2622;4
2670;2622;4
2671;2622;4
2672;2622;4
2673;2622;4
2674;2622;4
2675;2622;4
2676;2622;4
2677;2622;4
2678;2622;4
2679;2622;4
2680;2622;4
2681;2622;4
2682;2622;4
2683;2622;4
2684;2622;4
2685;2622;4
2686;2622;4
2687;2622;4
2688;2622;4
2689;2622;4
2690;2622;4
2691;2622;4
2692;2622;4
2693;2622;4
2694;2622;4
2695;2622;4
2696;2624;74
2697;2624;74
2698;2624;74
2699;2624;74
2700;2624;74
2701;2624;74
2702;2624;74
2703;2624;74
2704;2624;74
2705;2624;74
2706;2624;74
2707;2624;74
2708;2624;74
2709;2624;74
2710;2624;74
2711;2624;74
2712;2624;74
2713;2624;74
2714;2624;74
2715;2624;74
2716;2624;74
2717;2624;74
2718;2624;74
2719;2624;74
2720;2624;74
2721;2624;74
2722;2624;74
2723;2624;74
2724;2624;74
2725;2624;74
2726;2624;74
2727;2624;74
2728;2624;74
2729;2626;59
2730;2626;59
2731;2626;59
2732;2626;59
2733;2626;59
2734;2626;59
2735;2626;59
2736;2626;59
2737;2626;59
2738;2626;59
2739;2626;59
2740;2626;59
2741;2626;59
2742;2626;59
2743;2626;59
2744;2626;59
2745;2626;59
2746;2626;59
2747;2626;59
2748;2626;59
2749;2626;59
2750;2626;59
2751;2626;59
2752;2626;59
2753;2626;59
2754;2626;59
2755;2626;59
2756;2626;59
2757;2626;59
2758;2626;59
2759;2626;59
2760;2626;59
2761;2626;59
2762;2626;59
2763;2626;59
2764;2626;59
2765;2626;59
2766;2626;59
2767;2626;59
2768;2626;59
2769;2626;59
2770;2626;59
2771;2626;59
2772;2626;59
2773;2626;59
2774;2626;59
2775;2626;59
2776;2626;59
2777;2626;59
2778;2626;59
2779;2626;59
2780;2628;75
2781;2628;75
2782;2628;75
2783;2628;75
2784;2628;75
2785;2628;75
2786;2628;75
2787;2628;75
2788;2628;75
2789;2628;75
2790;2628;75
2791;2628;75
2792;2628;75
2793;2628;75
2794;2628;75
2795;2628;75
2796;2628;75
2797;2628;75
2798;2628;75
2799;2628;75
2800;2628;75
2801;2628;75
2802;2628;75
2803;2628;75
2804;2628;75
2805;2630;100
2806;2630;100
2807;2630;100
2808;2630;100
2809;2630;100
2810;2630;100
2811;2630;100
2812;2630;100
2813;2630;100
2814;2630;100
2815;2630;100
2816;2630;100
2817;2630;100
2818;2630;100
2819;2630;100
2820;2630;100
2821;2630;100
2822;2630;100
2823;2630;100
2824;2630;100
2825;2630;100
2826;2630;100
2827;2630;100
2828;2630;100
2829;2630;100
2830;2630;100
2831;2632;57
2832;2632;57
2833;2632;57
2834;2632;57
2835;2632;57
2836;2632;57
2837;2632;57
2838;2632;57
2839;2632;57
2840;2632;57
2841;2632;57
2842;2632;57
2843;2632;57
2844;2632;57
2845;2632;57
2846;2632;57
2847;2632;57
2848;2632;57
2849;2632;57
2850;627;82
2851;627;101
2852;2850;82
2853;2851;101
2854;627;36
2855;627;97
2856;2854;36
2857;2855;97
2858;627;37
2859;2858;37
2860;627;38
2861;2860;38
2862;627;33
2863;2862;33
2864;627;35
2865;2864;35
2866;2850;82
2867;2850;82
2868;2850;82
2869;2850;82
2870;2850;82
2871;2850;82
2872;2850;82
2873;2850;82
2874;2850;82
2875;2850;82
2876;2850;82
2877;2850;82
2878;2850;82
2879;2850;82
2880;2850;82
2881;2850;82
2882;2850;82
2883;2850;82
2884;2850;82
2885;2850;82
2886;2850;82
2887;2850;82
2888;2850;82
2889;2850;82
2890;2850;82
2891;2850;82
2892;2850;82
2893;2850;82
2894;2850;82
2895;2851;101
2896;2851;101
2897;2851;101
2898;2851;101
2899;2851;101
2900;2851;101
2901;2851;101
2902;2851;101
2903;2851;101
2904;2851;101
2905;2851;101
2906;2851;101
2907;2851;101
2908;2851;101
2909;2851;101
2910;2851;101
2911;2851;101
2912;2851;101
2913;2851;101
2914;2851;101
2915;2851;101
2916;2851;101
2917;2851;101
2918;2851;101
2919;2851;101
2920;2851;101
2921;2851;101
2922;2851;101
2923;2851;101
2924;2851;101
2925;2851;101
2926;2851;101
2927;2851;101
2928;2851;101
2929;2851;101
2930;2851;101
2931;2851;101
2932;2851;101
2933;2851;101
2934;2851;101
2935;2851;101
2936;2851;101
2937;2854;36
2938;2854;36
2939;2854;36
2940;2854;36
2941;2854;36
2942;2854;36
2943;2854;36
2944;2854;36
2945;2854;36
2946;2854;36
2947;2854;36
2948;2854;36
2949;2854;36
2950;2854;36
2951;2854;36
2952;2854;36
2953;2854;36
2954;2854;36
2955;2854;36
2956;2854;36
2957;2855;97
2958;2855;97
2959;2855;97
2960;2855;97
2961;2855;97
2962;2855;97
2963;2855;97
2964;2855;97
2965;2855;97
2966;2855;97
2967;2855;97
2968;2855;97
2969;2855;97
2970;2855;97
2971;2855;97
2972;2855;97
2973;2855;97
2974;2855;97
2975;2855;97
2976;2855;97
2977;2855;97
2978;2855;97
2979;2855;97
2980;2855;97
2981;2855;97
2982;2858;37
2983;2858;37
2984;2858;37
2985;2858;37
2986;2858;37
2987;2858;37
2988;2858;37
2989;2858;37
2990;2858;37
2991;2858;37
2992;2858;37
2993;2858;37
2994;2858;37
2995;2858;37
2996;2858;37
2997;2858;37
2998;2858;37
2999;2858;37
3000;2858;37
3001;2858;37
3002;2858;37
3003;2858;37
3004;2858;37
3005;2858;37
3006;2858;37
3007;2860;38
3008;2860;38
3009;2860;38
3010;2860;38
3011;2860;38
3012;2860;38
3013;2860;38
3014;2860;38
3015;2860;38
3016;2860;38
3017;2860;38
3018;2860;38
3019;2862;33
3020;2862;33
3021;2862;33
3022;2862;33
3023;2862;33
3024;2862;33
3025;2862;33
3026;2862;33
3027;2862;33
3028;2862;33
3029;2862;33
3030;2862;33
3031;2862;33
3032;2862;33
3033;2862;33
3034;2862;33
3035;2862;33
3036;2862;33
3037;2862;33
3038;2862;33
3039;2862;33
3040;2862;33
3041;2862;33
3042;2862;33
3043;2862;33
3044;2862;33
3045;2862;33
3046;2862;33
3047;2864;35
3048;2864;35
3049;2864;35
3050;2864;35
3051;2864;35
3052;2864;35
3053;2864;35
3054;2864;35
3055;2864;35
3056;2864;35
3057;2864;35
3058;2864;35
3059;2864;35
3060;2864;35
3061;2864;35
3062;2864;35
3063;2864;35
3064;2864;35
3065;2864;35
3066;2864;35
3067;2864;35
3068;2864;35
3069;2864;35
3070;2864;35
3071;2864;35
3072;2864;35
3073;2864;35
3074;2864;35
3075;2864;35
3076;2864;35
3077;2864;35
3078;2864;35
3079;627;42
3080;3079;42
3081;627;93
3082;627;99
3083;627;48
3084;627;51
3085;627;53
3086;627;98
3087;627;55
3088;3081;93
3089;3082;99
3090;3083;48
3091;3084;51
3092;3085;53
3093;3086;98
3094;3087;55
3095;3079;42
3096;3079;42
3097;3079;42
3098;3079;42
3099;3079;42
3100;3079;42
3101;3079;42
3102;3079;42
3103;3079;42
3104;3079;42
3105;3079;42
3106;3079;42
3107;3079;42
3108;3079;42
3109;3079;42
3110;3079;42
3111;3079;42
3112;3079;42
3113;3079;42
3114;3079;42
3115;3079;42
3116;3079;42
3117;3079;42
3118;3079;42
3119;3079;42
3120;3079;42
3121;3079;42
3122;3081;93
3123;3081;93
3124;3081;93
3125;3081;93
3126;3081;93
3127;3082;99
3128;3082;99
3129;3082;99
3130;3082;99
3131;3082;99
3132;3082;99
3133;3082;99
3134;3082;99
3135;3082;99
3136;3082;99
3137;3082;99
3138;3082;99
3139;3082;99
3140;3082;99
3141;3082;99
3142;3082;99
3143;3082;99
3144;3082;99
3145;3082;99
3146;3082;99
3147;3082;99
3148;3082;99
3149;3082;99
3150;3082;99
3151;3082;99
3152;3082;99
3153;3083;48
3154;3083;48
3155;3083;48
3156;3083;48
3157;3083;48
3158;3083;48
3159;3083;48
3160;3083;48
3161;3083;48
3162;3083;48
3163;3083;48
3164;3083;48
3165;3083;48
3166;3084;51
3167;3084;51
3168;3084;51
3169;3084;51
3170;3084;51
3171;3084;51
3172;3084;51
3173;3084;51
3174;3084;51
3175;3084;51
3176;3084;51
3177;3084;51
3178;3084;51
3179;3084;51
3180;3084;51
3181;3084;51
3182;3084;51
3183;3084;51
3184;3084;51
3185;3084;51
3186;3084;51
3187;3084;51
3188;3084;51
3189;3084;51
3190;3084;51
3191;3084;51
3192;3084;51
3193;3084;51
3194;3084;51
3195;3084;51
3196;3084;51
3197;3084;51
3198;3084;51
3199;3084;51
3200;3084;51
3201;3084;51
3202;3084;51
3203;3084;51
3204;3084;51
3205;3084;51
3206;3084;51
3207;3084;51
3208;3084;51
3209;3084;51
3210;3085;53
3211;3085;53
3212;3085;53
3213;3085;53
3214;3085;53
3215;3085;53
3216;3085;53
3217;3085;53
3218;3085;53
3219;3085;53
3220;3085;53
3221;3085;53
3222;3085;53
3223;3085;53
3224;3085;53
3225;3085;53
3226;3085;53
3227;3085;53
3228;3085;53
3229;3085;53
3230;3085;53
3231;3085;53
3232;3085;53
3233;3085;53
3234;3085;53
3235;3085;53
3236;3085;53
3237;3085;53
3238;3085;53
3239;3086;98
3240;3086;98
3241;3086;98
3242;3086;98
3243;3086;98
3244;3086;98
3245;3086;98
3246;3086;98
3247;3086;98
3248;3086;98
3249;3086;98
3250;3086;98
3251;3086;98
3252;3086;98
3253;3086;98
3254;3086;98
3255;3086;98
3256;3086;98
3257;3086;98
3258;3086;98
3259;3086;98
3260;3086;98
3261;3086;98
3262;3086;98
3263;3086;98
3264;3087;55
3265;3087;55
3266;3087;55
3267;3087;55
3268;3087;55
3269;3087;55
3270;3087;55
3271;3087;55
3272;3087;55
3273;3087;55
3274;3087;55
3275;3087;55
3276;3087;55
3277;3087;55
3278;3087;55
3279;3087;55
3280;3087;55
3281;3087;55
3282;3087;55
3283;3087;55
3284;3087;55
3285;3087;55
3286;3087;55
3287;3087;55
3288;3087;55
3289;3087;55
3290;3087;55
3291;3087;55
3292;3087;55
3293;3087;55
3294;3087;55
3295;3087;55
3296;627;56
3297;627;58
3298;627;65
3299;627;72
3300;627;94
3301;627;81
3302;627;108
3303;627;95
3304;627;104
3305;627;3
3306;627;6
3307;627;5
3308;627;8
3309;627;9
3310;627;47
3311;627;11
3312;3296;56
3313;3297;58
3314;3298;65
3315;3299;72
3316;3300;94
3317;3301;81
3318;3302;108
3319;3303;95
3320;3304;104
3321;3305;3
3322;3306;6
3323;3307;5
3324;3308;8
3325;3309;9
3326;3310;47
3327;3311;11
3328;627;12
3329;627;13
3330;627;61
3331;627;62
3332;627;92
3333;627;17
3334;627;85
3335;627;21
3336;627;90
3337;627;91
3338;627;44
3339;627;102
3340;3328;12
3341;3329;13
3342;3330;61
3343;3331;62
3344;3332;92
3345;3333;17
3346;3334;85
3347;3335;21
3348;3336;90
3349;3337;91
3350;3338;44
3351;3339;102
3352;3339;102
3353;3296;56
3354;3296;56
3355;3296;56
3356;3296;56
3357;3296;56
3358;3296;56
3359;3296;56
3360;3296;56
3361;3296;56
3362;3296;56
3363;3296;56
3364;3296;56
3365;3296;56
3366;3296;56
3367;3296;56
3368;3296;56
3369;3296;56
3370;3297;58
3371;3297;58
3372;3297;58
3373;3297;58
3374;3297;58
3375;3297;58
3376;3297;58
3377;3297;58
3378;3298;65
3379;3298;65
3380;3298;65
3381;3298;65
3382;3298;65
3383;3298;65
3384;3298;65
3385;3298;65
3386;3298;65
3387;3298;65
3388;3298;65
3389;3298;65
3390;3298;65
3391;3298;65
3392;3298;65
3393;3298;65
3394;3299;72
3395;3299;72
3396;3299;72
3397;3299;72
3398;3299;72
3399;3299;72
3400;3299;72
3401;3299;72
3402;3299;72
3403;3299;72
3404;3299;72
3405;3299;72
3406;3299;72
3407;3299;72
3408;3299;72
3409;3299;72
3410;3299;72
3411;3299;72
3412;3299;72
3413;3299;72
3414;3299;72
3415;3299;72
3416;3299;72
3417;3299;72
3418;3299;72
3419;3299;72
3420;3299;72
3421;3299;72
3422;3299;72
3423;3300;94
3424;3300;94
3425;3300;94
3426;3300;94
3427;3300;94
3428;3300;94
3429;3300;94
3430;3300;94
3431;3300;94
3432;3300;94
3433;3300;94
3434;3300;94
3435;3300;94
3436;3300;94
3437;3300;94
3438;3300;94
3439;3300;94
3440;3301;81
3441;3301;81
3442;3301;81
3443;3301;81
3444;3301;81
3445;3301;81
3446;3301;81
3447;3301;81
3448;3301;81
3449;3301;81
3450;3301;81
3451;3301;81
3452;3301;81
3453;3301;81
3454;3301;81
3455;3301;81
3456;3301;81
3457;3301;81
3458;3301;81
3459;3301;81
3460;3301;81
3461;3301;81
3462;3301;81
3463;3301;81
3464;3301;81
3465;3301;81
3466;3301;81
3467;3301;81
3468;3301;81
3469;3301;81
3470;3301;81
3471;3301;81
3472;3301;81
3473;3302;108
3474;3302;108
3475;3302;108
3476;3302;108
3477;3302;108
3478;3302;108
3479;3302;108
3480;3302;108
3481;3302;108
3482;3302;108
3483;3302;108
3484;3302;108
3485;3302;108
3486;3302;108
3487;3302;108
3488;3302;108
3489;3302;108
3490;3302;108
3491;3302;108
3492;3302;108
3493;3302;108
3494;3303;95
3495;3303;95
3496;3303;95
3497;3303;95
3498;3303;95
3499;3303;95
3500;3304;104
3501;3304;104
3502;3304;104
3503;3304;104
3504;3304;104
3505;3304;104
3506;3304;104
3507;3304;104
3508;3304;104
3509;3304;104
3510;3304;104
3511;3304;104
3512;3305;3
3513;3305;3
3514;3305;3
3515;3305;3
3516;3305;3
3517;3305;3
3518;3305;3
3519;3305;3
3520;3306;6
3521;3306;6
3522;3306;6
3523;3306;6
3524;3306;6
3525;3306;6
3526;3306;6
3527;3306;6
3528;3306;6
3529;3306;6
3530;3307;5
3531;3307;5
3532;3307;5
3533;3307;5
3534;3307;5
3535;3307;5
3536;3307;5
3537;3307;5
3538;3307;5
3539;3307;5
3540;3307;5
3541;3307;5
3542;3307;5
3543;3307;5
3544;3307;5
3545;3307;5
3546;3307;5
3547;3307;5
3548;3307;5
3549;3307;5
3550;3307;5
3551;3307;5
3552;3308;8
3553;3308;8
3554;3308;8
3555;3308;8
3556;3308;8
3557;3308;8
3558;3308;8
3559;3309;9
3560;3309;9
3561;3309;9
3562;3309;9
3563;3309;9
3564;3309;9
3565;3309;9
3566;3309;9
3567;3309;9
3568;3309;9
3569;3309;9
3570;3309;9
3571;3310;47
3572;3310;47
3573;3310;47
3574;3310;47
3575;3310;47
3576;3310;47
3577;3310;47
3578;3310;47
3579;3310;47
3580;3310;47
3581;3310;47
3582;3310;47
3583;3310;47
3584;3311;11
3585;3311;11
3586;3311;11
3587;3311;11
3588;3311;11
3589;3311;11
3590;3311;11
3591;3311;11
3592;3311;11
3593;3311;11
3594;3311;11
3595;3328;12
3596;3328;12
3597;3328;12
3598;3328;12
3599;3328;12
3600;3328;12
3601;3328;12
3602;3328;12
3603;3328;12
3604;3328;12
3605;3328;12
3606;3328;12
3607;3328;12
3608;3328;12
3609;3328;12
3610;3328;12
3611;3328;12
3612;3329;13
3613;3329;13
3614;3329;13
3615;3329;13
3616;3329;13
3617;3329;13
3618;3329;13
3619;3329;13
3620;3329;13
3621;3329;13
3622;3329;13
3623;3329;13
3624;3329;13
3625;3329;13
3626;3329;13
3627;3329;13
3628;3329;13
3629;3329;13
3630;3329;13
3631;3330;61
3632;3330;61
3633;3330;61
3634;3330;61
3635;3330;61
3636;3330;61
3637;3330;61
3638;3330;61
3639;3330;61
3640;3330;61
3641;3330;61
3642;3330;61
3643;3330;61
3644;3330;61
3645;3330;61
3646;3330;61
3647;3331;62
3648;3331;62
3649;3331;62
3650;3331;62
3651;3331;62
3652;3331;62
3653;3331;62
3654;3331;62
3655;3331;62
3656;3331;62
3657;3331;62
3658;3331;62
3659;3331;62
3660;3331;62
3661;3331;62
3662;3331;62
3663;3331;62
3664;3331;62
3665;3331;62
3666;3331;62
3667;3331;62
3668;3331;62
3669;3332;92
3670;3332;92
3671;3332;92
3672;3332;92
3673;3332;92
3674;3332;92
3675;3332;92
3676;3332;92
3677;3332;92
3678;3332;92
3679;3332;92
3680;3332;92
3681;3332;92
3682;3332;92
3683;3332;92
3684;3332;92
3685;3332;92
3686;3332;92
3687;3332;92
3688;3332;92
3689;3332;92
3690;3332;92
3691;3332;92
3692;3332;92
3693;3332;92
3694;3332;92
3695;3332;92
3696;3332;92
3697;3332;92
3698;3332;92
3699;3332;92
3700;3332;92
3701;3332;92
3702;3332;92
3703;3332;92
3704;3333;17
3705;3333;17
3706;3333;17
3707;3333;17
3708;3333;17
3709;3333;17
3710;3333;17
3711;3333;17
3712;3334;85
3713;3334;85
3714;3334;85
3715;3334;85
3716;3334;85
3717;3334;85
3718;3334;85
3719;3334;85
3720;3334;85
3721;3334;85
3722;3334;85
3723;3334;85
3724;3334;85
3725;3334;85
3726;3334;85
3727;3334;85
3728;3334;85
3729;3334;85
3730;3335;21
3731;3335;21
3732;3335;21
3733;3335;21
3734;3335;21
3735;3335;21
3736;3335;21
3737;3335;21
3738;3335;21
3739;3335;21
3740;3335;21
3741;3335;21
3742;3336;90
3743;3336;90
3744;3336;90
3745;3336;90
3746;3336;90
3747;3336;90
3748;3336;90
3749;3336;90
3750;3336;90
3751;3336;90
3752;3336;90
3753;3336;90
3754;3336;90
3755;3336;90
3756;3336;90
3757;3336;90
3758;3336;90
3759;3336;90
3760;3337;91
3761;3337;91
3762;3337;91
3763;3337;91
3764;3337;91
3765;3337;91
3766;3337;91
3767;3337;91
3768;3337;91
3769;3337;91
3770;3337;91
3771;3337;91
3772;3337;91
3773;3337;91
3774;3337;91
3775;3337;91
3776;3337;91
3777;3337;91
3778;3337;91
3779;3337;91
3780;3337;91
3781;3337;91
3782;3337;91
3783;3337;91
3784;3337;91
3785;3338;44
3786;3338;44
3787;3338;44
3788;3338;44
3789;3338;44
3790;3338;44
3791;3338;44
3792;3338;44
3793;3338;44
3794;3338;44
3795;3338;44
3796;3338;44
3797;3338;44
3798;3338;44
3799;3338;44
3800;3338;44
3801;3338;44
3802;3338;44
3803;3338;44
3804;3338;44
3805;3338;44
3806;3338;44
3807;3338;44
3808;3338;44
3809;3338;44
3810;3338;44
3811;3338;44
3812;3338;44
3813;3338;44
3814;3338;44
3815;3338;44
3816;3338;44
3817;3338;44
3818;3338;44
3819;959;35
3820;959;3
3821;959;6
3822;959;24
3823;959;33
3824;959;37
3825;959;38
3826;959;4
3827;959;96
3828;959;5
3829;959;36
3830;959;41
3831;959;42
3832;959;43
3833;959;59
3834;959;93
3835;959;44
3836;959;99
3837;959;8
3838;959;45
3839;959;9
3840;959;46
3841;959;47
3842;959;97
3843;959;48
3844;959;11
3845;959;12
3846;959;50
3847;959;51
3848;959;13
3849;959;53
3850;959;27
3851;959;28
3852;959;98
3853;959;55
3854;959;56
3855;959;57
3856;959;58
3857;959;61
3858;959;62
3859;959;64
3860;959;65
3861;959;66
3862;959;67
3863;959;68
3864;959;69
3865;959;105
3866;959;70
3867;959;72
3868;959;29
3869;959;74
3870;959;75
3871;959;76
3872;959;103
3873;959;77
3874;959;79
3875;959;92
3876;959;94
3877;959;80
3878;959;17
3879;959;100
3880;959;81
3881;959;82
3882;959;18
3883;959;101
3884;959;106
3885;959;85
3886;959;86
3887;959;20
3888;959;88
3889;959;32
3890;959;21
3891;959;108
3892;959;89
3893;959;90
3894;959;91
3895;959;95
3896;959;104
3897;959;107
3898;7;46
3899;833;46
3900;482;3
3901;482;6
3902;482;24
3903;482;33
3904;482;37
3905;482;38
3906;482;4
3907;482;96
3908;482;35
3909;482;5
3910;482;36
3911;482;41
3912;482;42
3913;482;59
3914;482;93
3915;482;44
3916;482;99
3917;482;8
3918;482;45
3919;482;9
3920;482;46
3922;482;47
3924;482;97
3925;482;48
3927;482;11
3928;482;12
3929;482;50
3930;482;51
3932;482;13
3933;482;53
3934;482;27
3935;482;98
3936;482;55
3937;482;58
3938;482;61
3939;482;62
3940;482;64
3941;482;65
3942;482;66
3943;482;67
3944;482;68
3945;482;69
3946;482;105
3947;482;70
3948;482;72
3949;482;29
3950;482;74
3951;482;75
3952;482;76
3953;482;103
3954;482;77
3955;482;79
3956;482;92
3957;482;94
3958;482;80
3959;482;17
3960;482;100
3961;482;81
3962;482;82
3963;482;18
3964;482;101
3965;482;106
3966;482;85
3967;482;84
3968;482;86
3969;482;20
3970;482;88
3971;482;32
3972;482;21
3973;482;108
3974;482;89
3975;482;90
3976;482;91
3977;482;107
3979;870;63
3980;870;63
3981;870;63
3982;870;63
3983;870;63
3984;870;1
3985;870;63
3986;NULL;NULL
3987;NULL;NULL
3988;3986;NULL
3989;3986;NULL
3990;3986;NULL
3991;3986;NULL
3992;3986;NULL
3993;3986;NULL
3994;3986;NULL
3995;3986;NULL
3996;3986;NULL
3997;3986;NULL
3998;3986;NULL
3999;3986;NULL
4000;3986;NULL
4001;3986;NULL
4002;3986;NULL
4003;3986;NULL
4004;3986;NULL
4005;3986;NULL
4006;3986;NULL
4007;3986;NULL
4008;3986;NULL
4009;3986;NULL
4010;3987;NULL
4011;3987;NULL
4012;3987;NULL
4013;3987;NULL
4014;3987;NULL
4015;3987;NULL
4016;3987;NULL
4017;3987;NULL
4018;3987;NULL
4019;3987;NULL
4020;3987;NULL
4021;3987;NULL
4022;3987;NULL
4023;3987;NULL
4024;3987;NULL
4025;3987;NULL
4026;3987;NULL
4027;3987;NULL
4028;3987;NULL
4029;3987;NULL
4030;3987;NULL
4031;3987;NULL
4032;3987;NULL
4033;3987;NULL
4034;976;3
4035;976;6
4036;976;24
4037;976;33
4038;976;37
4039;976;38
4040;976;4
4041;976;96
4042;976;35
4043;976;5
4044;976;36
4045;976;41
4046;976;42
4047;976;43
4048;976;59
4049;976;93
4050;976;44
4051;976;99
4052;976;8
4053;976;45
4054;976;9
4055;976;46
4056;976;47
4057;976;97
4058;976;48
4059;976;11
4060;976;12
4061;976;50
4062;976;51
4063;976;13
4064;976;53
4065;976;27
4066;976;28
4067;976;98
4068;976;55
4069;976;56
4070;976;57
4071;976;58
4072;976;61
4073;976;62
4074;976;64
4075;976;65
4076;976;102
4077;976;66
4078;976;67
4079;976;68
4080;976;69
4081;976;105
4082;976;70
4083;976;72
4084;976;29
4085;976;74
4086;976;75
4087;976;76
4088;976;103
4089;976;77
4090;976;79
4091;976;92
4092;976;94
4093;976;80
4094;976;17
4095;976;100
4096;976;81
4097;976;82
4098;976;18
4099;976;101
4100;976;106
4101;976;85
4102;976;84
4103;976;86
4104;976;20
4105;976;88
4106;976;32
4107;976;21
4108;976;108
4109;976;89
4110;976;90
4111;976;91
4112;976;95
4113;976;104
4114;976;107
4115;580;3
4116;580;6
4117;580;24
4118;580;33
4119;580;37
4120;580;38
4121;580;4
4122;580;96
4123;580;35
4124;580;5
4125;580;36
4126;580;41
4127;580;42
4128;580;43
4129;580;59
4130;580;93
4131;580;44
4132;580;99
4133;580;8
4134;580;45
4135;580;9
4136;580;46
4137;580;47
4138;580;97
4139;580;48
4140;580;11
4141;580;12
4142;580;50
4143;580;51
4144;580;13
4145;580;53
4146;580;27
4147;580;28
4148;580;98
4149;580;55
4150;580;56
4151;580;57
4152;580;58
4153;580;61
4154;580;62
4155;580;64
4156;580;65
4157;580;102
4158;580;66
4159;580;67
4160;580;68
4161;580;69
4162;580;105
4163;580;70
4164;580;72
4165;580;29
4166;580;74
4167;580;75
4168;580;76
4169;580;103
4170;580;77
4171;580;79
4172;580;92
4173;580;94
4174;580;80
4175;580;17
4176;580;100
4177;580;81
4178;580;82
4179;580;18
4180;580;101
4181;580;106
4182;580;85
4183;580;84
4184;580;86
4185;580;20
4186;580;88
4187;580;32
4188;580;21
4189;580;108
4190;580;89
4191;580;90
4192;580;91
4193;580;95
4194;580;104
4195;580;107
4196;589;NULL
4197;589;NULL
4198;464;NULL
4199;464;NULL
4200;464;NULL
4201;213;NULL
4202;191;1
4203;4202;1
4204;4202;1
4205;4202;1
4206;4202;1
4207;4202;1
4208;4202;1
4209;4202;1
4210;4202;1
4211;4202;1
4212;4202;1
4213;4202;1
4214;4202;1
4215;4202;1
4216;4202;1
4218;4202;1
4219;4202;1
4220;4202;1
4221;4202;1
4222;4202;1
4223;4202;1
4224;4202;1
4225;4202;1
4226;4202;1
4227;4202;1
4228;4202;1
4229;4202;1
4230;4202;1
4231;4202;1
4232;4202;1
4233;4202;1
4234;4202;1
4235;4202;1
4236;4202;1
4237;4202;1
4238;4202;1
4239;4202;1
4240;4202;1
4241;4202;1
4242;4202;1
4243;4202;1
4244;4202;1
4247;4;46
4248;446;3
4249;446;6
4250;446;24
4251;446;33
4252;446;38
4253;446;4
4254;446;96
4255;446;35
4256;446;5
4257;446;36
4258;446;41
4259;446;42
4260;446;59
4261;446;93
4262;446;44
4263;446;99
4264;446;8
4265;446;45
4266;446;9
4267;446;46
4268;446;47
4269;446;97
4270;446;48
4271;446;11
4272;446;12
4273;446;50
4274;446;51
4275;446;13
4276;446;53
4277;446;27
4278;446;28
4279;446;98
4280;446;55
4281;446;56
4282;446;58
4283;446;61
4284;446;62
4285;446;64
4286;446;65
4287;446;102
4288;446;66
4289;446;67
4290;446;68
4291;446;69
4292;446;105
4293;446;70
4294;446;72
4295;446;29
4296;446;74
4297;446;75
4298;446;76
4299;446;103
4300;446;77
4301;446;79
4302;446;92
4303;446;94
4304;446;80
4305;446;17
4306;446;100
4307;446;81
4308;446;82
4309;446;18
4310;446;101
4311;446;106
4312;446;85
4313;446;84
4314;446;86
4315;446;20
4316;446;88
4317;446;32
4318;446;21
4319;446;108
4320;446;89
4321;446;90
4322;446;91
4323;446;95
4324;446;104
4325;446;107
4327;4;NULL
4328;4327;NULL
4329;4327;NULL
4330;4327;NULL
4331;4327;NULL
4332;4327;NULL
4333;4327;NULL
4334;4327;NULL
4335;4327;NULL
4336;4327;NULL
4337;4327;NULL
4338;4;3
4339;4;6
4340;4;24
4341;4;33
4342;4;37
4343;4;38
4344;4;4
4345;4;96
4346;4;35
4347;4;5
4348;4;36
4349;4;41
4350;4;42
4351;4;43
4352;4;59
4353;4;93
4354;4;44
4355;4;99
4356;4;8
4357;4;45
4358;4;9
4359;4;47
4360;4;97
4361;4;48
4362;4;11
4363;4;12
4364;4;50
4365;4;51
4366;4;13
4367;4;53
4368;4;27
4369;4;28
4370;4;98
4371;4;55
4372;4;57
4373;4;58
4374;4;61
4375;4;62
4376;4;63
4377;4;64
4378;4;65
4379;4;102
4380;4;66
4381;4;67
4382;4;68
4383;4;69
4384;4;105
4385;4;70
4386;4;72
4387;4;29
4388;4;74
4389;4;75
4390;4;76
4391;4;103
4392;4;77
4393;4;1
4394;4;79
4395;4;92
4396;4;94
4397;4;80
4398;4;17
4399;4;100
4400;4;81
4401;4;82
4402;4;18
4403;4;101
4404;4;106
4405;4;85
4406;4;84
4407;4;86
4408;4;20
4409;4;88
4410;4;32
4411;4;21
4412;4;108
4413;4;89
4414;4;90
4415;4;91
4416;4;95
4417;4;104
4418;4;107
4419;474;3
4420;474;6
4421;474;24
4422;474;33
4423;474;37
4424;474;38
4425;474;4
4426;474;96
4427;474;35
4428;474;5
4429;474;36
4430;474;41
4431;474;42
4432;474;59
4433;474;93
4434;474;44
4435;474;99
4436;474;8
4437;474;45
4438;474;9
4439;474;46
4440;474;47
4441;474;97
4442;474;48
4443;474;11
4444;474;12
4445;474;50
4446;474;51
4447;474;13
4448;474;53
4449;474;27
4450;474;28
4451;474;98
4452;474;55
4453;474;56
4454;474;58
4455;474;61
4456;474;62
4457;474;64
4458;474;65
4459;474;102
4460;474;66
4461;474;68
4462;474;69
4463;474;105
4464;474;70
4465;474;72
4466;474;29
4467;474;74
4468;474;75
4469;474;76
4470;474;103
4471;474;77
4472;474;92
4473;474;94
4474;474;80
4475;474;17
4476;474;100
4477;474;81
4478;474;82
4479;474;18
4480;474;101
4481;474;106
4482;474;85
4483;474;84
4484;474;86
4485;474;20
4486;474;88
4487;474;32
4488;474;21
4489;474;108
4490;474;89
4491;474;90
4492;474;91
4493;474;95
4494;474;104
4495;474;107
4496;474;79
4497;474;NULL
4498;481;NULL
4499;4498;NULL
4500;4498;NULL
4501;4498;NULL
4502;4498;NULL
4503;4498;NULL
4504;4498;NULL
4505;4498;NULL
4506;4498;NULL
4507;4498;NULL
4508;481;24
4509;481;33
4510;481;37
4511;481;38
4512;481;4
4513;481;96
4514;481;35
4515;481;5
4516;481;36
4517;481;41
4518;481;42
4519;481;59
4520;481;44
4521;481;99
4522;481;8
4523;481;45
4524;481;9
4525;481;46
4526;481;97
4527;481;48
4528;481;11
4529;481;12
4530;481;50
4531;481;51
4532;481;13
4533;481;53
4534;481;98
4535;481;55
4536;481;58
4537;481;61
4538;481;62
4539;481;65
4540;481;67
4541;481;69
4542;481;105
4543;481;70
4544;481;72
4545;481;29
4546;481;74
4547;481;75
4548;481;76
4549;481;103
4550;481;77
4551;481;79
4552;481;92
4553;481;17
4554;481;100
4555;481;82
4556;481;18
4557;481;101
4558;481;106
4559;481;84
4560;481;86
4561;481;20
4562;481;88
4563;481;89
4564;481;90
4565;481;91
4566;481;107
4567;515;3
4568;515;6
4569;515;24
4570;515;33
4571;515;37
4572;515;38
4573;515;4
4574;515;96
4575;515;35
4576;515;5
4577;515;36
4578;515;41
4579;515;42
4580;515;59
4581;515;93
4582;515;44
4583;515;99
4584;515;8
4585;515;45
4586;515;9
4587;515;46
4588;515;47
4589;515;97
4590;515;48
4591;515;11
4592;515;12
4593;515;50
4594;515;51
4595;515;13
4596;515;53
4597;515;27
4598;515;28
4599;515;98
4600;515;55
4601;515;56
4602;515;58
4603;515;61
4604;515;62
4605;515;65
4606;515;102
4607;515;66
4608;515;67
4609;515;68
4610;515;69
4611;515;105
4612;515;70
4613;515;72
4614;515;29
4615;515;74
4616;515;75
4617;515;76
4618;515;103
4619;515;77
4620;515;79
4621;515;92
4622;515;94
4623;515;80
4624;515;17
4625;515;100
4626;515;81
4627;515;82
4628;515;18
4629;515;101
4630;515;106
4631;515;85
4632;515;84
4633;515;86
4634;515;20
4635;515;88
4636;515;32
4637;515;21
4638;515;108
4639;515;89
4640;515;90
4641;515;91
4642;515;95
4643;515;104
4644;515;107
4645;495;3
4646;495;6
4647;495;24
4648;495;33
4649;495;37
4650;495;38
4651;495;4
4652;495;96
4653;495;35
4654;495;5
4655;495;36
4656;495;41
4657;495;42
4658;495;59
4659;495;93
4660;495;44
4661;495;99
4662;495;8
4663;495;45
4664;495;9
4665;495;46
4666;495;47
4667;495;97
4668;495;48
4669;495;11
4670;495;12
4671;495;50
4672;495;51
4673;495;13
4674;495;53
4675;495;27
4676;495;28
4677;495;98
4678;495;55
4679;495;58
4680;495;61
4681;495;62
4682;495;65
4683;495;66
4684;495;67
4685;495;68
4686;495;69
4687;495;105
4688;495;70
4689;495;72
4690;495;29
4691;495;74
4692;495;75
4693;495;76
4694;495;103
4695;495;77
4696;495;79
4697;495;92
4698;495;94
4699;495;80
4700;495;17
4701;495;100
4702;495;81
4703;495;82
4704;495;18
4705;495;101
4706;495;106
4707;495;85
4708;495;84
4709;495;86
4710;495;20
4711;495;88
4712;495;32
4713;495;21
4714;495;108
4715;495;89
4716;495;90
4717;495;91
4718;495;95
4719;495;107
4720;479;NULL
4721;479;3
4722;479;6
4723;479;24
4724;479;33
4725;479;37
4726;479;38
4727;479;4
4728;479;96
4729;479;35
4730;479;5
4731;479;36
4732;479;41
4733;479;42
4734;479;43
4735;479;59
4736;479;93
4737;479;44
4738;479;99
4739;479;8
4740;479;45
4741;479;9
4742;479;46
4743;479;47
4744;479;97
4745;479;48
4746;479;11
4747;479;12
4748;479;50
4749;479;51
4750;479;13
4751;479;53
4752;479;27
4753;479;28
4754;479;98
4755;479;55
4756;479;56
4757;479;57
4758;479;58
4759;479;61
4760;479;62
4761;479;64
4762;479;65
4763;479;66
4764;479;67
4765;479;68
4766;479;69
4767;479;105
4768;479;70
4769;479;72
4770;479;29
4771;479;74
4772;479;75
4773;479;76
4774;479;103
4775;479;77
4776;479;79
4777;479;92
4778;479;94
4779;479;80
4780;479;17
4781;479;100
4782;479;81
4783;479;82
4784;479;18
4785;479;101
4786;479;106
4787;479;85
4788;479;84
4789;479;86
4790;479;20
4791;479;88
4792;479;32
4793;479;21
4794;479;108
4795;479;89
4796;479;90
4797;479;91
4798;479;95
4799;479;104
4800;479;107
4801;496;3
4802;496;6
4803;496;24
4804;496;33
4805;496;37
4806;496;38
4807;496;4
4808;496;96
4809;496;35
4810;496;5
4811;496;36
4812;496;41
4813;496;42
4814;496;59
4815;496;93
4816;496;44
4817;496;99
4818;496;8
4819;496;45
4820;496;9
4821;496;46
4822;496;47
4823;496;97
4824;496;48
4825;496;11
4826;496;12
4827;496;50
4828;496;51
4829;496;13
4830;496;53
4831;496;27
4832;496;28
4833;496;98
4834;496;55
4835;496;56
4836;496;58
4837;496;61
4838;496;62
4839;496;64
4840;496;65
4841;496;66
4842;496;67
4843;496;68
4844;496;69
4845;496;105
4846;496;70
4847;496;72
4848;496;29
4849;496;74
4850;496;75
4851;496;76
4852;496;103
4853;496;77
4854;496;79
4855;496;92
4856;496;94
4857;496;80
4858;496;17
4859;496;100
4860;496;81
4861;496;82
4862;496;18
4863;496;101
4864;496;106
4865;496;85
4866;496;84
4867;496;86
4868;496;20
4869;496;88
4870;496;32
4871;496;21
4872;496;108
4873;496;89
4874;496;90
4875;496;91
4876;496;95
4877;496;104
4878;496;107
4879;461;46
4880;461;3
4881;461;6
4882;461;24
4883;461;33
4884;461;37
4885;461;38
4886;461;4
4887;461;96
4888;461;35
4889;461;5
4890;461;36
4891;461;41
4892;461;42
4893;461;59
4894;461;93
4895;461;44
4896;461;99
4897;461;8
4898;461;45
4899;461;9
4900;461;47
4901;461;97
4902;461;48
4903;461;11
4904;461;12
4905;461;50
4906;461;51
4907;461;13
4908;461;53
4909;461;28
4910;461;98
4911;461;55
4912;461;56
4913;461;58
4914;461;61
4915;461;62
4916;461;64
4917;461;65
4918;461;102
4919;461;66
4920;461;67
4921;461;68
4922;461;69
4923;461;105
4924;461;70
4925;461;72
4926;461;29
4927;461;74
4928;461;75
4929;461;76
4930;461;103
4931;461;77
4932;461;79
4933;461;92
4934;461;94
4935;461;80
4936;461;17
4937;461;100
4938;461;81
4939;461;82
4940;461;18
4941;461;101
4942;461;106
4943;461;84
4944;461;86
4945;461;85
4946;461;20
4947;461;88
4948;461;32
4949;461;21
4950;461;108
4951;461;89
4952;461;90
4953;461;91
4954;461;95
4955;461;104
4956;461;107
4957;472;46
4958;472;3
4959;472;6
4960;472;24
4961;472;33
4962;472;37
4963;472;38
4964;472;4
4965;472;96
4966;472;35
4967;472;5
4968;472;36
4969;472;41
4970;472;42
4971;472;59
4972;472;93
4973;472;44
4974;472;99
4975;472;8
4976;472;45
4977;472;9
4978;472;47
4979;472;97
4980;472;48
4981;472;11
4982;472;12
4983;472;50
4984;472;51
4985;472;13
4986;472;53
4987;472;27
4988;472;28
4989;472;98
4990;472;55
4991;472;58
4992;472;61
4993;472;62
4994;472;64
4995;472;65
4996;472;102
4997;472;66
4998;472;67
4999;472;68
5000;472;69
5001;472;105
5002;472;70
5003;472;72
5004;472;29
5005;472;74
5006;472;75
5007;472;76
5008;472;103
5009;472;77
5010;472;79
5011;472;92
5012;472;94
5013;472;80
5014;472;17
5015;472;100
5016;472;81
5017;472;82
5018;472;18
5019;472;101
5020;472;106
5021;472;85
5022;472;84
5023;472;86
5024;472;20
5025;472;88
5026;472;32
5027;472;21
5028;472;108
5029;472;89
5030;472;90
5031;472;91
5032;472;95
5033;472;104
5034;472;107
5035;578;NULL
5036;578;NULL
5037;578;NULL
5038;578;NULL
5039;578;NULL
5040;578;NULL
5041;578;NULL
5042;578;NULL
5043;502;NULL
5044;502;NULL
5045;502;NULL
5046;502;NULL
5047;502;NULL
5048;502;NULL
5049;502;NULL
5050;502;NULL
5051;502;NULL
5052;502;NULL
5053;502;NULL
5054;502;NULL
5055;468;24
5056;468;33
5057;468;37
5058;468;38
5059;468;4
5060;468;96
5061;468;35
5062;468;5
5063;468;36
5064;468;41
5065;468;42
5066;468;43
5067;468;59
5068;468;44
5069;468;99
5070;468;8
5071;468;45
5072;468;9
5073;468;46
5074;468;97
5075;468;48
5076;468;11
5077;468;12
5078;468;50
5079;468;51
5080;468;13
5081;468;53
5082;468;27
5083;468;28
5084;468;98
5085;468;55
5086;468;57
5087;468;58
5088;468;61
5089;468;62
5090;468;64
5091;468;65
5092;468;66
5093;468;67
5094;468;68
5095;468;69
5096;468;105
5097;468;70
5098;468;72
5099;468;29
5100;468;74
5101;468;75
5102;468;76
5103;468;103
5104;468;77
5105;468;79
5106;468;92
5107;468;94
5108;468;80
5109;468;17
5110;468;100
5111;468;81
5112;468;82
5113;468;18
5114;468;101
5115;468;106
5116;468;85
5117;468;84
5118;468;86
5119;468;20
5120;468;88
5121;468;32
5122;468;21
5123;468;108
5124;468;89
5125;468;90
5126;468;91
5127;468;104
5128;468;107
5130;477;107
5131;477;NULL
5132;5131;NULL
5133;5131;NULL
5134;5131;NULL
5135;477;32
5136;5131;NULL
5137;5131;NULL
5138;5131;NULL
5140;5131;NULL
5141;5131;NULL
5142;477;66
5143;5131;NULL
5144;5131;NULL
5145;5131;NULL
5146;477;1
5147;5131;NULL
5148;5131;NULL
5149;477;68
5150;5131;NULL
5151;5131;NULL
5152;5131;NULL
5153;5131;NULL
5154;5131;NULL
5155;5131;NULL
5156;5131;NULL
5157;5131;NULL
5158;477;80
5159;5131;NULL
5160;5131;NULL
5161;5131;NULL
5162;477;76
5163;5131;NULL
5164;5131;NULL
5165;477;24
5166;477;33
5167;477;37
5168;477;38
5169;477;4
5170;477;96
5171;477;35
5172;477;5
5173;477;36
5174;477;41
5175;477;42
5176;477;43
5177;477;44
5178;477;99
5179;477;46
5180;477;97
5181;477;12
5182;477;50
5183;477;51
5184;477;13
5185;477;53
5186;477;27
5187;477;28
5188;477;98
5189;477;55
5190;477;57
5191;477;58
5192;477;63
5193;477;64
5194;477;65
5195;477;67
5196;477;69
5197;477;105
5198;477;70
5199;477;72
5200;477;29
5201;477;74
5202;477;75
5203;477;103
5204;477;77
5205;477;79
5206;477;92
5207;477;94
5208;477;100
5209;477;82
5210;477;18
5211;477;101
5212;477;106
5213;477;84
5214;477;86
5215;477;20
5216;477;88
5217;477;89
5218;477;91
5219;477;95
5220;477;48
5222;478;3
5223;478;6
5224;478;24
5225;478;33
5226;478;37
5227;478;38
5228;478;4
5229;478;96
5230;478;35
5231;478;5
5232;478;36
5233;478;41
5234;478;42
5235;478;59
5236;478;93
5237;478;44
5238;478;99
5239;478;8
5240;478;45
5241;478;9
5242;478;46
5243;478;47
5244;478;97
5245;478;48
5246;478;11
5247;478;12
5248;478;50
5249;478;51
5250;478;13
5251;478;53
5252;478;27
5253;478;28
5254;478;98
5255;478;55
5256;478;56
5257;478;58
5258;478;61
5259;478;62
5260;478;64
5261;478;65
5262;478;66
5263;478;67
5264;478;68
5265;478;69
5266;478;105
5267;478;70
5268;478;72
5269;478;29
5270;478;74
5271;478;75
5272;478;76
5273;478;103
5274;478;77
5275;478;79
5276;478;92
5277;478;94
5278;478;80
5279;478;17
5280;478;100
5281;478;81
5282;478;82
5283;478;18
5284;478;101
5285;478;106
5286;478;85
5287;478;84
5288;478;86
5289;478;20
5290;478;88
5291;478;32
5292;478;21
5293;478;108
5294;478;89
5295;478;90
5296;478;91
5297;478;104
5298;478;107
5299;497;NULL
5300;497;NULL
5301;497;NULL
5302;497;NULL
5303;497;NULL
5304;497;NULL
5305;497;NULL
5306;497;NULL
5307;497;NULL
5308;497;NULL
5309;497;NULL
5310;497;NULL
5311;497;NULL
5312;497;NULL
5313;497;NULL
5314;497;NULL
5315;497;NULL
5316;497;NULL
5317;497;NULL
5318;497;NULL
5319;497;NULL
5320;497;NULL
5321;497;NULL
5322;497;NULL
5323;497;NULL
5324;497;NULL
5325;497;NULL
5326;497;NULL
5327;497;NULL
5328;497;NULL
5329;497;NULL
5330;497;NULL
5331;497;NULL
5332;497;NULL
5333;497;NULL
5334;497;NULL
5335;497;NULL
5336;497;"  )"""
5337;480;46
5338;480;24
5339;480;33
5340;480;37
5341;480;38
5342;480;4
5343;480;96
5344;480;35
5345;480;5
5346;480;36
5347;480;41
5348;480;42
5349;480;59
5350;480;44
5351;480;99
5352;480;8
5353;480;45
5354;480;9
5355;480;47
5356;480;97
5357;480;48
5358;480;11
5359;480;12
5360;480;50
5361;480;51
5362;480;13
5363;480;53
5364;480;27
5365;480;28
5366;480;98
5367;480;55
5368;480;56
5369;480;58
5370;480;61
5371;480;62
5372;480;64
5373;480;65
5374;480;66
5375;480;67
5376;480;68
5377;480;69
5378;480;105
5379;480;70
5380;480;72
5381;480;29
5382;480;74
5383;480;75
5384;480;76
5385;480;103
5386;480;77
5387;480;79
5388;480;92
5389;480;94
5390;480;80
5391;480;17
5392;480;100
5393;480;81
5394;480;82
5395;480;18
5396;480;101
5397;480;106
5398;480;85
5399;480;84
5400;480;86
5401;480;20
5402;480;88
5403;480;32
5404;480;21
5405;480;108
5406;480;89
5407;480;90
5408;480;91
5409;480;104
5410;480;107
5411;483;24
5412;483;46
5413;483;38
5414;483;4
5415;483;96
5416;483;35
5417;483;36
5418;483;42
5419;483;59
5420;483;44
5421;483;8
5422;483;45
5423;483;9
5424;483;97
5425;483;48
5426;483;11
5427;483;12
5428;483;50
5429;483;51
5430;483;13
5431;483;53
5432;483;27
5433;483;28
5434;483;98
5435;483;58
5436;483;62
5437;483;65
5438;483;66
5439;483;67
5440;483;68
5441;483;69
5442;483;105
5443;483;70
5444;483;29
5445;483;74
5446;483;76
5447;483;103
5448;483;77
5449;483;79
5450;483;92
5451;483;80
5452;483;17
5453;483;81
5454;483;18
5455;483;101
5456;483;106
5457;483;86
5458;483;88
5459;483;32
5460;483;21
5461;483;89
5462;483;90
5463;483;91
5464;483;107
5465;473;NULL
5466;473;NULL
5467;473;NULL
5468;473;NULL
5469;473;NULL
5470;473;NULL
5471;473;NULL
5472;473;NULL
5473;473;NULL
5474;473;NULL
5475;473;NULL
5476;473;NULL
5477;473;NULL
5478;473;NULL
5479;473;NULL
5480;473;NULL
5481;473;NULL
5482;473;NULL
5483;473;NULL
5484;473;NULL
5485;473;NULL
5486;473;NULL
5487;473;NULL
5488;473;NULL
5489;473;NULL
5490;473;NULL
5491;471;NULL
5492;471;NULL
5493;471;NULL
5494;471;NULL
5495;471;NULL
5496;471;NULL
5497;471;NULL
5498;576;NULL
5499;576;NULL
5500;576;NULL
5501;576;NULL
5502;576;NULL
5503;576;NULL
5504;576;NULL
5505;576;NULL
5506;576;NULL
5507;576;NULL
5508;576;NULL
5509;576;NULL
5510;576;NULL
5511;576;NULL
5512;576;NULL
5513;3918;45
5514;3929;50
5515;873;28
5516;3942;66
5517;3944;68
5518;3949;29
5519;3950;74
5521;3932;13
5523;3954;77
5524;3958;80
5525;3974;89
5526;3927;11
5528;3902;24
5532;3907;96
5533;3908;35
5534;3910;36
5535;3911;41
5536;3912;42
5538;3914;93
5539;3915;44
5542;3924;97
5543;3925;48
5544;3930;51
5545;3933;53
5546;3934;27
5547;3935;98
5548;3936;55
5549;879;57
5550;3937;58
5551;1308;63
5552;3940;64
5553;3941;65
5555;3945;69
5556;3946;105
5557;3947;70
5558;3948;72
5562;3909;5
5563;3913;59
5564;3922;47
5565;3928;12
5566;3938;61
5568;3956;92
5569;3959;17
5570;3963;18
5572;3972;21
5573;3953;103
5574;1307;1
5575;3955;79
5576;3957;94
5577;3960;100
5578;3961;81
5579;3962;82
5580;3964;101
5581;3965;106
5582;3967;84
5583;3968;86
5584;3969;20
5585;3970;88
5586;3971;32
5587;3973;108
5588;3975;90
5589;3976;91
5590;874;104
5591;3977;107
5594;509;NULL
5595;509;NULL
5596;509;NULL
5597;509;NULL
5598;509;NULL
5599;509;NULL
5600;509;NULL
5601;509;NULL
5602;509;NULL
5603;509;NULL
5604;509;NULL
5605;509;NULL
5606;509;NULL
5607;509;NULL
5608;509;NULL
5609;504;NULL
5610;504;NULL
5611;504;NULL
5612;504;NULL
5613;504;NULL
5615;519;NULL
5616;519;NULL
5617;519;NULL
5618;519;NULL
5619;519;NULL
5620;519;NULL
5621;519;NULL
5622;519;NULL
5623;514;NULL
5624;514;NULL
5625;514;NULL
5626;514;NULL
5627;514;NULL
5628;514;NULL
5629;514;NULL
5630;518;NULL
5631;518;NULL
5632;518;NULL
5633;518;NULL
5634;518;NULL
5635;518;NULL
5636;518;NULL
5637;3900;3
5638;489;NULL
5639;489;NULL
5640;489;NULL
5641;489;NULL
5642;489;NULL
5643;489;NULL
5644;489;NULL
5645;501;NULL
5646;501;NULL
5647;501;NULL
5648;501;NULL
5649;501;NULL
5650;501;NULL
5651;501;NULL
5652;501;NULL
5653;501;24
5654;501;33
5655;501;37
5656;501;38
5657;501;4
5658;501;96
5659;501;35
5660;501;5
5661;501;36
5662;501;41
5663;501;42
5664;501;43
5665;501;59
5666;501;93
5667;501;44
5668;501;99
5669;501;8
5670;501;45
5671;501;9
5672;501;46
5673;501;47
5674;501;97
5675;501;48
5676;501;11
5677;501;12
5678;501;50
5679;501;51
5680;501;13
5681;501;53
5682;501;27
5683;501;28
5684;501;98
5685;501;55
5686;501;57
5687;501;58
5688;501;61
5689;501;62
5690;501;65
5691;501;102
5692;501;67
5693;501;69
5694;501;105
5695;501;70
5696;501;72
5697;501;29
5698;501;74
5699;501;75
5700;501;103
5701;501;77
5702;501;79
5703;501;92
5704;501;94
5705;501;17
5706;501;100
5707;501;82
5708;501;18
5709;501;101
5710;501;106
5711;501;85
5712;501;84
5713;501;86
5714;501;20
5715;501;88
5716;501;21
5717;501;108
5718;501;89
5719;501;90
5720;501;91
5721;501;95
5722;501;104
5723;501;107
5737;470;3
5738;470;6
5739;470;24
5740;470;33
5741;470;37
5742;470;38
5743;470;4
5744;470;96
5745;470;35
5746;470;5
5747;470;36
5748;470;41
5749;470;42
5750;470;43
5751;470;59
5752;470;93
5753;470;44
5754;470;99
5755;470;8
5756;470;45
5757;470;9
5758;470;46
5759;470;47
5760;470;97
5761;470;48
5762;470;11
5763;470;12
5764;470;50
5765;470;51
5766;470;13
5767;470;53
5768;470;27
5769;470;28
5770;470;98
5771;470;55
5772;470;56
5773;470;57
5774;470;58
5775;470;61
5776;470;62
5777;470;64
5778;470;65
5779;470;66
5780;470;67
5781;470;68
5782;470;69
5783;470;105
5784;470;70
5785;470;72
5786;470;29
5787;470;74
5788;470;75
5789;470;76
5790;470;103
5791;470;77
5792;470;79
5793;470;92
5794;470;94
5795;470;80
5796;470;17
5797;470;100
5798;470;81
5799;470;82
5800;470;18
5801;470;101
5802;470;106
5803;470;85
5804;470;84
5805;470;86
5806;470;20
5807;470;88
5808;470;32
5809;470;21
5810;470;108
5811;470;89
5812;470;90
5813;470;91
5814;470;95
5815;470;104
5816;470;107
5817;3900;NULL
5818;974;NULL
5819;974;3
5820;974;6
5821;974;24
5822;974;33
5823;974;37
5824;974;38
5825;974;4
5826;974;96
5827;974;35
5828;974;5
5829;974;36
5830;974;41
5831;974;42
5832;974;43
5833;974;59
5834;974;93
5835;974;44
5836;974;99
5837;974;8
5838;974;45
5839;974;9
5840;974;46
5841;974;47
5842;974;97
5843;974;48
5844;974;11
5845;974;12
5846;974;50
5847;974;51
5848;974;13
5849;974;53
5850;974;27
5851;974;28
5852;974;98
5853;974;55
5854;974;57
5855;974;58
5856;974;61
5857;974;62
5858;974;63
5859;974;65
5860;974;102
5861;974;66
5862;974;67
5863;974;68
5864;974;69
5865;974;105
5866;974;70
5867;974;72
5868;974;29
5869;974;74
5870;974;75
5871;974;76
5872;974;103
5873;974;77
5874;974;1
5875;974;79
5876;974;92
5877;974;94
5878;974;80
5879;974;17
5880;974;100
5881;974;81
5882;974;82
5883;974;18
5884;974;101
5885;974;106
5886;974;85
5887;974;84
5888;974;86
5889;974;20
5890;974;88
5891;974;32
5892;974;21
5893;974;108
5894;974;89
5895;974;90
5896;974;91
5897;974;95
5898;974;104
5899;974;107
5900;3901;6
5901;3916;99
5902;3916;99
5903;3951;75
5904;3951;75
5905;3951;75
5906;3951;75
5907;3951;75
5908;3951;75
5909;3951;75
5910;3951;75
5911;3951;75
5912;3951;75
5913;3951;75
5914;3951;75
5915;3951;75
5916;962;NULL
5917;3952;76
5918;3952;76
5919;3952;76
5920;3952;76
5921;3952;76
5922;3952;76
5923;3952;76
5924;3952;76
5925;3952;76
5926;3952;76
5927;3952;76
5928;3952;76
5929;3952;76
5930;3952;76
5931;3952;76
5932;3952;76
5933;3952;76
5934;3952;76
5935;3952;76
5936;3952;76
5937;3952;76
5938;3952;76
5939;3952;76
5940;3952;76
5941;3952;76
5942;187;NULL
5943;5942;74
5944;259;63
5945;5944;63
5947;5944;63
5948;5944;63
5949;5944;63
5950;5944;63
5951;5944;63
5952;5944;63
5953;5944;63
5954;5944;63
5955;5944;63
5956;5944;63
5957;5944;63
5958;5944;63
5959;5944;63
5960;5944;63
5961;5944;63
5962;5944;63
5963;5944;63
5964;5944;63
5965;5944;63
5966;5944;63
5967;5944;63
5968;5944;63
5969;5944;63
5970;5944;63
5971;5944;63
5972;5944;63
5973;5944;63
5974;5944;63
5975;5944;63
5976;5944;63
5977;5944;63
5978;5944;63
5979;5944;63
5980;5944;63
5981;5944;63
5982;5944;63
5983;5944;63
5984;5944;63
5985;5944;63
5986;5944;63
5987;5944;63
5988;5944;63
5989;5944;63
5990;5944;63
5991;3901;6
5992;3901;6
5993;3901;6
5994;3901;6
5995;3901;6
6041;3912;42
6042;3912;42
6043;3912;42
6044;3912;42
6045;3912;42
6046;3912;42
6047;3912;42
6048;3912;42
6049;3912;42
6050;3912;42
6051;3912;42
6052;3912;42
6053;3912;42
6054;3912;42
6055;3912;42
6056;3966;85
6057;3966;85
6058;3966;85
6059;3966;85
6060;3966;85
6061;3966;85
6062;3966;85
6063;3966;85
6064;3966;85
6065;3912;42
6066;3912;42
6067;3912;42
6068;3912;42
6069;3912;42
6070;3912;42
6071;3912;42
6072;598;NULL
6100;598;NULL
6101;464;NULL
6103;598;NULL
6104;598;NULL
6105;598;NULL
6106;598;NULL
6107;598;NULL
6108;598;NULL
6109;598;NULL
6110;598;NULL
6111;598;NULL
6112;598;NULL
6113;598;NULL
6115;598;NULL
6116;598;NULL
6117;598;NULL
6118;598;NULL
6119;626;NULL
6120;214;46
6121;1535;64
6122;870;59
6123;870;63
6124;870;18
6125;870;105
6126;870;99
6127;870;74
6128;870;74
6129;870;1
6130;870;1
6131;870;1
6132;870;1
6133;870;1
6134;870;1
6135;870;1
6136;870;1
6137;870;1
6138;870;1
6139;870;1
6140;870;1
6141;870;1
6142;870;1
6143;870;1
6144;870;1
6145;870;69
6146;870;69
6147;870;32
6148;870;69
6149;870;69
6150;870;69
6151;870;76
6152;870;76
6153;870;76
6154;870;94
6155;870;91
6156;870;91
6158;870;77
6159;870;77
6160;870;77
6161;870;77
6162;870;77
6163;870;77
6164;870;4
6165;870;4
6166;870;4
6167;870;4
6168;870;82
6169;870;82
6170;870;20
6171;870;20
6172;870;20
6173;870;62
6174;870;67
6175;870;106
6176;870;63
6177;870;106
6178;870;106
6179;870;106
6180;870;66
6181;870;66
6182;870;66
6183;870;66
6184;870;35
6185;870;35
6186;870;35
6187;870;80
6188;870;80
6189;870;80
6190;870;80
6191;870;80
6192;870;80
6193;870;63
6194;870;80
6195;870;43
6196;870;43
6197;870;43
6198;870;43
6199;870;43
6200;870;43
6201;870;57
6202;870;57
6203;870;57
6204;870;64
6205;870;64
6206;870;63
6207;870;64
6208;870;92
6209;870;92
6210;870;32
6211;870;32
6212;870;32
6213;870;32
6214;870;79
6215;870;79
6216;870;42
6217;870;42
6218;870;6
6219;870;24
6220;870;50
6221;870;50
6222;870;50
6223;870;50
6224;870;12
6225;870;89
6226;870;89
6227;870;89
6228;870;89
6229;870;29
6230;870;29
6231;870;29
6232;870;99
6233;870;99
6234;870;99
6235;870;107
6236;870;107
6237;870;107
6238;870;107
6239;870;107
6240;870;45
6241;870;45
6242;870;45
6243;870;61
6244;870;61
6245;870;27
6246;870;27
6247;870;27
6248;870;68
6249;870;68
6250;870;68
6251;870;68
6253;870;68
6254;870;68
6255;870;68
6256;870;3
6257;870;3
6258;870;63
6259;870;63
6260;870;63
6261;870;63
6262;870;63
6263;870;63
6264;870;63
6265;870;63
6266;870;77
6267;870;63
6268;870;63
6269;870;63
6270;870;63
6271;870;63
6272;870;63
6273;870;63
6274;870;63
6275;870;63
6276;870;63
6277;870;63
6278;870;63
6279;870;88
6280;870;63
6281;870;63
6282;870;63
6283;870;63
6284;870;63
6285;870;63
6286;870;63
6287;870;63
6288;870;63
6289;870;84
6290;870;66
6291;870;63
6292;870;1
6293;870;24
6294;870;5
6295;870;5
6296;870;47
6297;870;36
6298;870;36
6299;870;53
6300;870;53
6301;870;72
6302;870;72
6303;870;72
6304;870;77
6305;870;38
6306;870;70
6307;870;41
6308;870;41
6309;870;41
6310;870;41
6311;870;90
6312;870;90
6313;870;90
6314;870;45
6315;870;17
6316;870;17
6317;870;59
6318;870;59
6319;870;63
6320;870;84
6321;575;1
6322;870;109
6323;870;76
6324;870;28
6325;870;80
6326;870;81
6327;870;37
6328;870;18
6329;870;70
6330;870;46
6331;870;4
6333;870;45
6334;870;101
6335;870;88
6338;870;55
6339;870;84
6340;870;75
6341;870;27
6342;870;18
6343;870;96
6344;870;63
6345;870;93
6346;870;18
6348;870;103
6349;870;108
6350;870;79
6351;870;98
6352;870;81
6353;870;100
6354;870;88
6355;870;18
6356;870;18
6357;870;11
6358;870;101
6359;870;85
6360;870;1
6361;870;NULL
6362;870;11
6363;870;108
6364;870;76
6365;870;70
6366;870;63
6367;870;18
6368;870;33
6370;870;96
6371;870;9
6372;870;48
6373;870;44
6374;870;51
6375;870;51
6376;870;8
6377;870;103
6378;870;58
6379;870;55
6380;870;28
6381;870;65
6382;870;13
6383;870;13
6384;870;63
6385;870;98
6386;870;21
6387;870;86
6388;870;86
6389;870;28
6390;870;24
6391;870;33
6392;870;38
6393;870;4
6394;870;74
6396;870;41
6397;870;43
6398;870;59
6399;870;32
6400;830;NULL
6401;870;99
6402;870;20
6403;870;45
6404;870;18
6405;870;50
6406;870;51
6407;870;28
6408;870;27
6409;870;55
6410;870;63
6411;870;66
6412;870;68
6413;870;69
6414;870;105
6415;870;63
6416;870;29
6417;870;29
6418;870;63
6419;870;76
6420;870;103
6421;870;77
6422;870;1
6423;870;1
6424;870;1
6425;870;79
6426;870;1
6427;870;37
6428;870;17
6429;870;106
6430;870;100
6431;870;81
6432;870;101
6433;870;86
6434;870;80
6435;870;89
6436;870;44
6437;870;107
6438;870;63
6439;870;45
6440;870;50
6441;870;72
6442;870;63
6443;870;18
6444;873;28
6445;595;46
6446;3956;92
6447;3933;53
6456;192;80
6457;6456;80
6458;6456;80
6459;6456;80
6460;6456;80
6461;6456;80
6486;6400;NULL
6487;6400;NULL
6488;6400;NULL
6489;6400;NULL
6490;6400;NULL
6491;6400;NULL
6492;6400;NULL
6493;6400;NULL
6494;6400;NULL
6495;6400;NULL
6500;870;63
6502;870;27
6503;870;1
6504;870;41
6505;870;66
6506;870;69
6507;870;24
6508;870;96
6509;870;43
6510;870;45
6511;870;32
6512;870;18
6513;870;46
6514;870;70
6515;870;76
6516;870;80
6517;870;4
6518;870;86
6519;870;103
6520;870;63
6521;870;28
6522;870;97
6524;870;107
6525;870;47
6526;870;99
6527;11;109
6528;11;110
6529;122;109
6530;122;110
6531;6;109
6532;6;110
6533;3;109
6534;3;110
6535;632;109
6536;632;110
6537;624;109
6538;624;110
6539;8;109
6540;8;110
6541;959;109
6542;959;110
6543;482;109
6544;580;109
6545;580;110
6546;976;109
6547;976;110
6548;974;109
6549;974;110
6550;446;109
6551;470;109
6552;470;110
6553;474;109
6554;478;109
6555;472;109
6556;472;110
6557;483;109
6558;495;109
6559;481;109
6560;501;109
6561;477;109
6562;576;109
6563;576;110
6564;461;109
6565;461;110
6566;479;109
6567;479;110
6568;4;109
6569;4;110
6570;627;109
6571;6570;109
6572;6570;109
6573;6570;109
6574;6570;109
6575;6570;109
6576;6570;109
6577;6570;109
6578;6570;109
6579;6570;109
6580;6570;109
6581;6570;109
6582;6570;109
6583;6570;109
6584;6570;109
6585;6570;109
6586;6570;109
6587;6570;109
6588;6570;109
6589;6570;109
6590;6570;109
6591;6570;109
6592;6570;109
6593;6570;109
6594;6570;109
6595;6570;109
6596;6570;109
6597;6570;109
6598;627;110
6599;6598;110
6600;6598;110
6601;6598;110
6602;6598;110
6603;6598;110
6604;6598;110
6605;6598;110
6606;6598;110
6607;6598;110
6608;6598;110
6609;870;68
6610;870;24
6611;870;27
6612;870;105
6613;870;1
6614;870;53
6615;870;4
6616;870;35
6617;870;63
6618;870;63
6619;870;81
6620;870;42
6621;870;103
6622;870;96
6623;870;9
6624;870;17
6626;870;88
6627;870;92
6628;870;28
6629;870;18
6630;870;63
6631;870;79
6632;870;100
6633;870;29
6634;870;76
6635;870;75
6636;870;74
6637;870;18
6638;870;33
6639;870;45
6640;870;70
6641;870;1
6642;870;101
6643;870;43
6644;870;69
6645;870;55
6646;870;72
6647;870;91
6648;870;59
6649;870;82
6650;870;51
6651;870;89
6652;870;66
6653;870;64
6654;870;20
6655;870;50
6656;870;98
6657;870;86
6658;870;77
6659;870;41
6660;870;80
6661;870;5
6663;870;92
6664;870;63
6665;870;36
6666;870;42
6667;870;43
6668;870;50
6669;870;77
6670;870;29
6671;870;63
6672;870;106
6673;870;28
6674;870;105
6675;870;NULL
6676;870;62
6677;3904;37
6678;870;1
6679;870;110
6683;870;63
6684;870;63
6685;870;43
6686;870;1
6687;870;64
6688;870;1
6689;870;107
6690;870;100
6691;870;101
6692;870;1
6693;870;75
6694;870;41
6695;870;32
6700;870;1
6702;870;69
6703;870;89
6704;870;43
6705;870;29
6706;870;92
6707;870;28
6708;870;64
6709;870;80
6710;870;63
6711;870;1
6712;870;99
6713;870;63
6714;870;63
6715;870;63
6716;870;1
6717;870;68
6718;870;77
6719;870;63
6720;870;63
6721;870;63
6722;870;74
6723;870;NULL
6724;870;NULL
6725;870;NULL
6726;870;NULL
6727;870;NULL
6728;870;NULL
6729;870;NULL
6730;870;NULL
6731;870;NULL
6732;870;NULL
6733;870;NULL
6734;870;NULL
6735;870;1
6736;870;27
6737;870;24
6738;4202;1
6739;4202;1
6740;4202;1
6741;870;24
6742;589;NULL
6743;870;63
6744;483;33
6745;578;NULL
6746;473;NULL
6747;5131;NULL
6748;985;63
6749;3367;56
6750;985;63
6751;985;63
6752;985;63
6753;985;63
6754;985;63
6755;985;63
6756;985;63
6757;985;63
6758;985;63
6759;985;63
6760;985;63
6761;985;63
6762;985;63
6763;985;63
6764;985;63
6765;985;63
6766;985;63
6767;985;63
6768;985;63
6769;985;63
6771;1477;64
6772;985;63
6773;985;63
6774;985;63
6775;985;63
6776;985;63
6778;589;NULL
6779;464;NULL
6780;589;NULL
6782;985;63
6783;985;63
6784;985;63
6785;985;63
6786;985;63
6787;985;63
6788;985;63
6789;985;63
6790;985;63
6791;985;63
6792;985;63
6793;985;63
6794;985;63
6795;985;63
6796;985;63
6797;985;63
6798;985;63
6799;985;63
6800;985;63
6801;985;63
6802;985;63
6803;985;63
6804;626;NULL
6805;626;NULL
6806;6804;NULL
6807;6804;NULL
6808;6804;NULL
6809;6804;NULL
6810;6804;NULL
6811;6804;NULL
6812;6804;NULL
6813;6804;NULL
6814;6804;NULL
6815;6805;NULL
6816;6805;NULL
6817;6805;NULL
6818;6805;NULL
6819;6805;NULL
6820;6804;NULL
6821;6805;NULL
6822;870;51
6823;985;63
6824;985;63
6825;985;63
6826;985;63
6827;985;63
6828;985;63
6829;985;63
6830;985;63
6831;985;63
6832;985;63
6833;985;63
6834;985;63
6835;985;63
6836;985;63
6837;985;63
6838;985;63
6839;985;63
6840;985;63
6841;985;63
6842;985;63
6843;985;63
6844;985;63
6845;985;63
6846;985;63
6847;985;63
6848;985;63
6849;985;63
6850;985;63
6851;985;63
6852;985;63
6853;985;63
6854;985;63
6855;985;63
6856;985;63
6857;985;63
6858;985;63
6859;985;63
6860;985;63
6861;985;63
6862;985;63
6863;985;63
6864;985;63
6865;985;63
6866;985;63
6867;985;63
6868;985;63
6869;985;63
6870;985;63
6871;985;63
6872;985;63
6873;985;63
6874;985;63
6875;985;63
6876;985;63
6877;985;63
6878;985;63
6879;985;63
6880;985;63
6881;985;63
6882;985;63
6883;985;63
6884;985;63
6885;985;63
6886;985;63
6887;985;63
6888;985;63
6889;985;63
6890;985;63
6891;985;63
6892;985;63
6893;985;63
6894;985;63
6895;985;63
6896;985;63
6897;985;63
6898;985;63
6899;985;63
6900;985;63
6901;985;63
6902;985;63
6903;985;63
6904;985;63
6905;985;63
6906;985;63
6907;985;63
6908;985;63
6909;985;63
6910;985;63
6911;985;63
6912;985;63
6913;985;63
6914;985;63
6915;985;63
6916;985;63
6917;985;63
6918;985;63
6919;985;63
6920;5944;63
6921;5944;63
6922;496;109
